problem,solver,implementation,alpha,beta,beta_over_alpha,block_size,block_rule,r0,radius_decay,ybar,p,gamma,dual_regularization,directions,theta
HIMMELP3,zob_gda,block_coordinate,0.3,0.3,1.0,2.0,2,0.0001,1.0,100.0,,,,,
HIMMELP3,zob_sgda,block_coordinate,0.3,0.3,1.0,2.0,2,0.003,0.5,100.0,10.0,0.3,,,
HIMMELP3,zoagp,reference_algorithm,0.3,0.09,0.3,,,0.003,0.5,100.0,,,0.1,,
HIMMELP3,zominmax,reference_algorithm,0.3,0.09,0.3,,,0.003,,100.0,,,,1.0,
HIMMELP3,szo_conex,reference_algorithm,0.3,0.3,1.0,,,0.0001,,,,,,,1.0
HIMMELP6,zob_gda,block_coordinate,0.03,0.0009,0.03,2.0,2,0.0001,0.5,100.0,,,,,
HIMMELP6,zob_sgda,block_coordinate,0.1,0.003,0.03,1.0,1,0.001,1.0,100.0,1.0,0.1,,,
HIMMELP6,zoagp,reference_algorithm,0.3,0.09,0.3,,,0.003,0.5,100.0,,,0.1,,
HIMMELP6,zominmax,reference_algorithm,0.3,0.09,0.3,,,0.003,,100.0,,,,1.0,
HIMMELP6,szo_conex,reference_algorithm,0.3,0.3,1.0,,,0.0001,,,,,,,1.0
MADSEN,zob_gda,block_coordinate,0.03,0.009,0.3,2.0,2,0.01,0.5,10.0,,,,,
MADSEN,zob_sgda,block_coordinate,0.03,0.009,0.3,2.0,2,0.01,0.5,10.0,0.1,0.05,,,
MADSEN,zoagp,reference_algorithm,0.3,0.3,1.0,,,0.0001,1.0,100.0,,,0.1,,
MADSEN,zominmax,reference_algorithm,0.3,0.3,1.0,,,0.0001,,100.0,,,,1.0,
MADSEN,szo_conex,reference_algorithm,0.3,0.3,1.0,,,0.003,,,,,,,0.0
MAKELA2,zob_gda,block_coordinate,0.01,0.003,0.3,1.0,1,0.001,0.0,10.0,,,,,
MAKELA2,zob_sgda,block_coordinate,0.01,0.003,0.3,1.0,1,0.001,0.0,10.0,1.0,0.9,,,
MAKELA2,zoagp,reference_algorithm,0.3,0.09,0.3,,,0.003,0.5,100.0,,,0.1,,
MAKELA2,zominmax,reference_algorithm,0.03,0.009,0.3,,,0.01,,100.0,,,,1.0,
MAKELA2,szo_conex,reference_algorithm,0.03,0.009,0.3,,,0.01,,,,,,,1.0
GIGOMEZ2,zob_gda,block_coordinate,0.3,0.3,1.0,3.0,3,0.0001,1.0,100.0,,,,,
GIGOMEZ2,zob_sgda,block_coordinate,0.3,0.3,1.0,3.0,3,0.0001,1.0,100.0,10.0,0.9,,,
GIGOMEZ2,zoagp,reference_algorithm,0.3,0.3,1.0,,,0.0001,1.0,100.0,,,0.1,,
GIGOMEZ2,zominmax,reference_algorithm,0.3,0.09,0.3,,,0.003,,100.0,,,,1.0,
GIGOMEZ2,szo_conex,reference_algorithm,0.03,0.009,0.3,,,0.01,,,,,,,1.0
CANTILVR,zob_gda,block_coordinate,0.3,0.3,1.0,1.0,1,0.003,0.5,100.0,,,,,
CANTILVR,zob_sgda,block_coordinate,0.3,0.3,1.0,1.0,1,0.0001,1.0,100.0,10.0,0.9,,,
CANTILVR,zoagp,reference_algorithm,0.3,0.3,1.0,,,0.0001,1.0,100.0,,,0.1,,
CANTILVR,zominmax,reference_algorithm,0.3,0.3,1.0,,,0.0001,,100.0,,,,1.0,
CANTILVR,szo_conex,reference_algorithm,0.3,0.3,1.0,,,0.0001,,,,,,,1.0
POLAK6,zob_gda,block_coordinate,0.1,0.003,0.03,3.0,3,0.001,1.0,100.0,,,,,
POLAK6,zob_sgda,block_coordinate,0.1,0.003,0.03,3.0,3,0.001,1.0,100.0,3.0,0.9,,,
POLAK6,zoagp,reference_algorithm,0.03,0.009,0.3,,,0.01,0.5,100.0,,,0.1,,
POLAK6,zominmax,reference_algorithm,0.01,0.003,0.3,,,0.001,,10.0,,,,1.0,
POLAK6,szo_conex,reference_algorithm,0.03,0.009,0.3,,,0.01,,,,,,,1.0
CRESC4,zob_gda,block_coordinate,0.1,0.1,1.0,1.0,1,0.01,0.5,10.0,,,,,
CRESC4,zob_sgda,block_coordinate,0.1,0.1,1.0,1.0,1,0.01,0.5,10.0,0.1,0.1,,,
CRESC4,zoagp,reference_algorithm,0.3,0.3,1.0,,,0.0001,1.0,100.0,,,0.1,,
CRESC4,zominmax,reference_algorithm,0.3,0.09,0.3,,,0.003,,100.0,,,,1.0,
CRESC4,szo_conex,reference_algorithm,0.1,0.003,0.03,,,0.001,,,,,,,1.0
HALDMADS,zob_gda,block_coordinate,0.03,0.009,0.3,1.0,1,0.01,0.5,10.0,,,,,
HALDMADS,zob_sgda,block_coordinate,0.03,0.009,0.3,1.0,1,0.01,0.5,10.0,10.0,0.1,,,
HALDMADS,zoagp,reference_algorithm,0.3,0.3,1.0,,,0.0001,1.0,100.0,,,0.1,,
HALDMADS,zominmax,reference_algorithm,0.3,0.09,0.3,,,0.003,,100.0,,,,1.0,
HALDMADS,szo_conex,reference_algorithm,0.03,0.009,0.3,,,0.01,,,,,,,1.0
MATRIX2,zob_gda,block_coordinate,0.003,3e-05,0.01,2.0,2,0.01,0.0,10.0,,,,,
MATRIX2,zob_sgda,block_coordinate,0.003,3e-05,0.01,2.0,2,0.01,0.0,10.0,1e-08,0.9,,,
MATRIX2,zoagp,reference_algorithm,0.1,0.003,0.03,,,0.001,1.0,100.0,,,0.1,,
MATRIX2,zominmax,reference_algorithm,0.1,0.003,0.03,,,0.001,,100.0,,,,1.0,
MATRIX2,szo_conex,reference_algorithm,0.03,0.009,0.3,,,0.01,,,,,,,1.0
PENTAGON,zob_gda,block_coordinate,0.3,0.3,1.0,1.0,1,0.003,0.5,100.0,,,,,
PENTAGON,zob_sgda,block_coordinate,0.3,0.3,1.0,1.0,1,0.003,0.5,100.0,0.01,0.7,,,
PENTAGON,zoagp,reference_algorithm,0.3,0.3,1.0,,,0.0001,1.0,100.0,,,0.1,,
PENTAGON,zominmax,reference_algorithm,0.3,0.3,1.0,,,0.0001,,100.0,,,,1.0,
PENTAGON,szo_conex,reference_algorithm,0.3,0.3,1.0,,,0.0001,,,,,,,1.0
HS100,zob_gda,block_coordinate,0.01,0.003,0.3,7.0,7,0.001,0.0,10.0,,,,,
HS100,zob_sgda,block_coordinate,0.01,0.003,0.3,7.0,7,0.001,0.0,10.0,1e-08,0.9,,,
HS100,zoagp,reference_algorithm,0.3,0.09,0.3,,,0.003,0.5,100.0,,,0.1,,
HS100,zominmax,reference_algorithm,0.1,0.003,0.03,,,0.001,,100.0,,,,1.0,
HS100,szo_conex,reference_algorithm,0.1,0.003,0.03,,,0.001,,,,,,,1.0
HS101,zob_gda,block_coordinate,0.03,0.03,1.0,2.0,2,0.01,0.5,100.0,,,,,
HS101,zob_sgda,block_coordinate,0.03,0.03,1.0,2.0,2,0.01,0.5,100.0,0.1,0.1,,,
HS101,zoagp,reference_algorithm,0.3,0.09,0.3,,,0.003,0.5,100.0,,,0.1,,
HS101,zominmax,reference_algorithm,0.01,0.003,0.3,,,0.001,,10.0,,,,1.0,
HS101,szo_conex,reference_algorithm,0.1,0.003,0.03,,,0.001,,,,,,,1.0
HS106,zob_gda,block_coordinate,0.3,0.3,1.0,1.0,1,0.0001,1.0,100.0,,,,,
HS106,zob_sgda,block_coordinate,0.3,0.3,1.0,1.0,1,0.0001,1.0,100.0,1e-08,0.9,,,
HS106,zoagp,reference_algorithm,0.3,0.3,1.0,,,0.0001,1.0,100.0,,,0.1,,
HS106,zominmax,reference_algorithm,0.1,0.003,0.03,,,0.001,,100.0,,,,1.0,
HS106,szo_conex,reference_algorithm,0.3,0.3,1.0,,,0.0001,,,,,,,1.0
HS104,zob_gda,block_coordinate,0.03,0.009,0.3,1.0,1,0.01,0.5,10.0,,,,,
HS104,zob_sgda,block_coordinate,0.03,0.009,0.3,1.0,1,0.01,0.5,10.0,1e-08,0.9,,,
HS104,zoagp,reference_algorithm,0.3,0.3,1.0,,,0.0001,1.0,100.0,,,0.1,,
HS104,zominmax,reference_algorithm,0.1,0.003,0.03,,,0.001,,100.0,,,,1.0,
HS104,szo_conex,reference_algorithm,0.01,0.003,0.3,,,0.001,,,,,,,0.0
HS108,zob_gda,block_coordinate,0.03,0.009,0.3,2.0,2,0.01,0.5,10.0,,,,,
HS108,zob_sgda,block_coordinate,0.03,0.009,0.3,2.0,2,0.01,0.5,10.0,0.3,0.05,,,
HS108,zoagp,reference_algorithm,0.1,0.003,0.03,,,0.001,1.0,100.0,,,0.1,,
HS108,zominmax,reference_algorithm,0.1,0.003,0.03,,,0.001,,100.0,,,,1.0,
HS108,szo_conex,reference_algorithm,0.03,0.009,0.3,,,0.01,,,,,,,1.0
HS113,zob_gda,block_coordinate,0.3,0.009,0.03,1.0,1,0.01,0.0,100.0,,,,,
HS113,zob_sgda,block_coordinate,0.3,0.009,0.03,1.0,1,0.01,0.0,10.0,0.001,0.1,,,
HS113,zoagp,reference_algorithm,0.3,0.3,1.0,,,0.0001,1.0,100.0,,,0.1,,
HS113,zominmax,reference_algorithm,0.3,0.09,0.3,,,0.003,,100.0,,,,1.0,
HS113,szo_conex,reference_algorithm,0.1,0.003,0.03,,,0.001,,,,,,,1.0
POLAK3,zob_gda,block_coordinate,0.03,0.009,0.3,1.0,1,0.01,0.5,10.0,,,,,
POLAK3,zob_sgda,block_coordinate,0.03,0.009,0.3,1.0,1,0.01,0.5,10.0,1e-08,0.9,,,
POLAK3,zoagp,reference_algorithm,0.01,0.003,0.3,,,0.001,0.5,10.0,,,0.1,,
POLAK3,zominmax,reference_algorithm,0.01,0.003,0.3,,,0.001,,10.0,,,,1.0,
POLAK3,szo_conex,reference_algorithm,0.03,0.009,0.3,,,0.01,,,,,,,1.0
HS116,zob_gda,block_coordinate,0.3,0.3,1.0,2.0,2,0.003,0.5,100.0,,,,,
HS116,zob_sgda,block_coordinate,0.3,0.3,1.0,2.0,2,0.003,0.5,100.0,0.01,0.7,,,
HS116,zoagp,reference_algorithm,0.1,0.003,0.03,,,0.001,1.0,100.0,,,0.1,,
HS116,zominmax,reference_algorithm,0.03,0.0009,0.03,,,0.0001,,10.0,,,,1.0,
HS116,szo_conex,reference_algorithm,0.003,3e-05,0.01,,,0.01,,,,,,,0.0
HAIFAS,zob_gda,block_coordinate,0.003,3e-05,0.01,1.0,1,0.01,0.0,10.0,,,,,
HAIFAS,zob_sgda,block_coordinate,0.003,3e-05,0.01,1.0,1,0.01,0.0,10.0,0.1,0.1,,,
HAIFAS,zoagp,reference_algorithm,0.03,0.009,0.3,,,0.01,0.5,100.0,,,0.1,,
HAIFAS,zominmax,reference_algorithm,0.01,0.003,0.3,,,0.001,,10.0,,,,1.0,
HAIFAS,szo_conex,reference_algorithm,0.01,0.003,0.3,,,0.001,,,,,,,0.0
HS117,zob_gda,block_coordinate,0.03,0.0009,0.03,10.0,10,0.0001,0.5,100.0,,,,,
HS117,zob_sgda,block_coordinate,0.1,0.003,0.03,4.0,4,0.001,1.0,100.0,1.0,0.1,,,
HS117,zoagp,reference_algorithm,0.3,0.09,0.3,,,0.003,0.5,100.0,,,0.1,,
HS117,zominmax,reference_algorithm,0.3,0.3,1.0,,,0.0001,,100.0,,,,1.0,
HS117,szo_conex,reference_algorithm,0.3,0.3,1.0,,,0.003,,,,,,,0.0
MAKELA3,zob_gda,block_coordinate,0.3,0.3,1.0,1.0,1,0.0001,1.0,100.0,,,,,
MAKELA3,zob_sgda,block_coordinate,0.3,0.3,1.0,5.0,5,0.0001,1.0,100.0,10.0,0.9,,,
MAKELA3,zoagp,reference_algorithm,0.3,0.3,1.0,,,0.0001,1.0,100.0,,,0.1,,
MAKELA3,zominmax,reference_algorithm,0.3,0.09,0.3,,,0.003,,100.0,,,,1.0,
MAKELA3,szo_conex,reference_algorithm,0.003,3e-05,0.01,,,0.0003,,,,,,,1.0
OPTPRLOC,zob_gda,block_coordinate,0.03,0.009,0.3,3.0,3,0.01,0.5,10.0,,,,,
OPTPRLOC,zob_sgda,block_coordinate,0.03,0.009,0.3,2.0,2,0.01,0.5,10.0,10.0,0.3,,,
OPTPRLOC,zoagp,reference_algorithm,0.03,0.009,0.3,,,0.01,0.5,100.0,,,0.1,,
OPTPRLOC,zominmax,reference_algorithm,0.03,0.009,0.3,,,0.01,,100.0,,,,1.0,
OPTPRLOC,szo_conex,reference_algorithm,0.03,0.009,0.3,,,0.01,,,,,,,1.0
AIRPORT,zob_gda,block_coordinate,0.003,3e-05,0.01,1.0,1,0.0003,0.5,10.0,,,,,
AIRPORT,zob_sgda,block_coordinate,0.003,3e-05,0.01,1.0,1,0.0003,0.5,10.0,0.1,0.7,,,
AIRPORT,zoagp,reference_algorithm,0.003,8.999999999999999e-05,0.03,,,0.0003,0.5,10.0,,,0.1,,
AIRPORT,zominmax,reference_algorithm,0.003,8.999999999999999e-05,0.03,,,0.0003,,10.0,,,,1.0,
AIRPORT,szo_conex,reference_algorithm,0.01,0.003,0.3,,,0.001,,,,,,,0.0
HAIFAM,zob_gda,block_coordinate,0.3,0.3,1.0,8.0,8,0.003,0.5,100.0,,,,,
HAIFAM,zob_sgda,block_coordinate,0.3,0.3,1.0,8.0,8,0.003,0.5,100.0,3.0,0.3,,,
HAIFAM,zoagp,reference_algorithm,0.3,0.09,0.3,,,0.003,0.5,100.0,,,0.1,,
HAIFAM,zominmax,reference_algorithm,0.03,0.009,0.3,,,0.01,,100.0,,,,1.0,
HAIFAM,szo_conex,reference_algorithm,0.1,0.003,0.03,,,0.001,,,,,,,1.0
HIMMELBI,zob_gda,block_coordinate,0.3,0.3,1.0,8.0,8,0.003,0.5,100.0,,,,,
HIMMELBI,zob_sgda,block_coordinate,0.3,0.3,1.0,8.0,8,0.003,0.5,100.0,1e-08,0.9,,,
HIMMELBI,zoagp,reference_algorithm,0.1,0.003,0.03,,,0.001,1.0,100.0,,,0.1,,
HIMMELBI,zominmax,reference_algorithm,0.1,0.003,0.03,,,0.001,,100.0,,,,1.0,
HIMMELBI,szo_conex,reference_algorithm,0.3,0.3,1.0,,,0.0001,,,,,,,1.0
MADSSCHJ,zob_gda,block_coordinate,0.3,0.3,1.0,1.0,1,0.003,0.5,100.0,,,,,
MADSSCHJ,zob_sgda,block_coordinate,0.3,0.3,1.0,5.0,5,0.003,0.5,100.0,10.0,0.3,,,
MADSSCHJ,zoagp,reference_algorithm,0.3,0.3,1.0,,,0.0001,1.0,100.0,,,0.1,,
MADSSCHJ,zominmax,reference_algorithm,0.1,0.003,0.03,,,0.001,,100.0,,,,1.0,
MADSSCHJ,szo_conex,reference_algorithm,0.003,3e-05,0.01,,,0.0003,,,,,,,1.0
HAIFAL,zob_gda,block_coordinate,0.3,0.3,1.0,2.0,2,0.003,0.5,100.0,,,,,
HAIFAL,zob_sgda,block_coordinate,0.3,0.3,1.0,2.0,2,0.0001,1.0,100.0,10.0,0.9,,,
HAIFAL,zoagp,reference_algorithm,0.3,0.3,1.0,,,0.0001,1.0,100.0,,,0.1,,
HAIFAL,zominmax,reference_algorithm,0.03,0.009,0.3,,,0.01,,100.0,,,,1.0,
HAIFAL,szo_conex,reference_algorithm,0.003,3e-05,0.01,,,0.0003,,,,,,,1.0
CAMSHAPE,zob_gda,block_coordinate,0.03,0.03,1.0,40.0,ceil(0.05*n),0.003,0.0,100.0,,,,,
CAMSHAPE,zob_sgda,block_coordinate,0.003,0.03,10.0,10.0,"min(10,n)",0.003,0.0,1000.0,0.001,0.1,,,
CAMSHAPE,zoagp,reference_algorithm,0.3,0.09,0.3,,,0.003,0.5,100.0,,,0.1,,
CAMSHAPE,zominmax,reference_algorithm,0.03,0.009,0.3,,,0.01,,100.0,,,,1.0,
CAMSHAPE,szo_conex,reference_algorithm,0.003,3e-05,0.01,,,0.0003,,,,,,,1.0
ROSEPETAL,zob_gda,block_coordinate,0.3,0.3,1.0,32.0,ceil(sqrt(n)),0.003,0.5,100.0,,,,,
ROSEPETAL,zob_sgda,block_coordinate,0.3,0.3,1.0,32.0,ceil(sqrt(n)),0.003,0.5,100.0,0.1,0.1,,,
ROSEPETAL,zoagp,reference_algorithm,0.3,0.3,1.0,,,0.0001,1.0,100.0,,,0.1,,
ROSEPETAL,zominmax,reference_algorithm,0.03,0.009,0.3,,,0.01,,100.0,,,,1.0,
ROSEPETAL,szo_conex,reference_algorithm,0.1,0.003,0.03,,,0.001,,,,,,,1.0
