problem,n,m_raw,m_ineq,query_budget
HIMMELP3,2,2,4,50000
HIMMELP6,2,5,10,50000
MADSEN,3,6,12,50000
MAKELA2,3,3,6,50000
GIGOMEZ2,3,3,6,50000
CANTILVR,5,1,2,50000
POLAK6,5,4,8,50000
CRESC4,6,8,16,50000
HALDMADS,6,42,84,50000
MATRIX2,6,2,4,50000
PENTAGON,6,15,30,50000
HS100,7,4,8,50000
HS101,7,5,10,50000
HS106,8,6,12,50000
HS104,8,5,10,50000
HS108,9,13,26,50000
HS113,10,8,16,50000
POLAK3,12,10,20,50000
HS116,13,14,28,50000
HAIFAS,13,9,18,50000
HS117,15,5,10,50000
MAKELA3,21,20,40,50000
OPTPRLOC,30,30,60,50000
AIRPORT,84,42,84,85000
HAIFAM,99,150,300,100000
HIMMELBI,100,12,24,101000
MADSSCHJ,201,398,796,202000
HAIFAL,343,8958,17916,100000
CAMSHAPE,800,1603,3206,100000
ROSEPETAL,1000,2000,4000,100000
