problem,f0,f_ref,gap_scale,source_solver,source_seed,violation,legacy_f_ref,reference_family
HIMMELP3,-1.0,-7.457091651602589,6.457091651602589,nomad_default,1.0,0.0,-7.457091651602589,formal
HIMMELP6,1.0,-4.349265240744921,5.349265240744921,nomad_default,1.0,0.0,-4.349265240744921,formal
MADSEN,1.0,0.6159303141998663,1.0,zob_gda,101.0,9.992329225417633e-05,0.6159303141998663,development_reference
MAKELA2,0.0,7.197931847934917,7.197931847934917,zob_gda,101.0,9.986898892488938e-05,7.197931847934917,development_reference
GIGOMEZ2,1.0,0.9756696075458609,1.0,zob_sgda,103.0,9.964762925939052e-05,0.9756696075458609,published_reference_witness
CANTILVR,0.312,1.3344634380684226,1.0224634380684225,zob_gda,101.0,9.999613555225227e-05,1.3344634380684226,development_reference
POLAK6,0.0,-44.00185927980186,44.00185927980186,zob_sgda,101.0,9.920175252576386e-05,-44.00185927980186,published_reference_witness
CRESC4,1.0,0.5566389072675088,1.0,zob_gda,101.0,9.602029474163158e-05,0.5566389072675088,development_reference
HALDMADS,0.0,0.03463978257053,1.0,nomad_default,5.0,4.975446736521505e-05,0.0004315420416905,formal
MATRIX2,2.0,7.604853692867538e-21,2.0,zob_sgda,101.0,6.567079967461629e-10,7.604853692867538e-21,development_reference
PENTAGON,0.00391137,0.000136547759362797,1.0,zob_gda,101.0,9.635052651194633e-05,0.000136547759362797,development_reference
HS100,1.0,0.9532612739143083,1.0,zominmax,7.0,9.566062416647233e-05,0.9532612739143083,formal
HS101,1.0,0.8255540712375002,1.0,nomad_default,4.0,7.620641282678874e-05,0.8255540712375002,formal
HS106,1.0,0.47131479482446115,1.0,nomad_default,5.0,5.0853832653723656e-05,0.47131479482446115,formal
HS104,1.0,1.0800716807364836,1.0,zob_gda,101.0,9.794212944071693e-05,1.0800716807364836,development_reference
HS108,0.0,-0.8661014013574926,1.0,zob_gda,101.0,9.682107612909996e-05,-0.8661014013574926,development_reference
HS113,1.0,0.03231228788204475,1.0,zob_gda,101.0,7.358125262452457e-05,0.03231228788204475,development_reference
POLAK3,1.0,5.937116242531552,4.937116242531552,zob_gda,101.0,5.8758290117038834e-05,5.937116242531552,published_reference_witness
HS116,1.0,0.21682252723999337,1.0,nomad_default,9.0,9.862728711703704e-05,0.21682252723999337,formal
HAIFAS,0.0,-0.450098764632845,1.0,zob_sgda,101.0,9.91580683123355e-05,-0.450098764632845,published_reference_witness
HS117,1.0,0.1580351090802291,1.0,nomad_default,3.0,0.0,0.1580351090802291,formal
MAKELA3,0.0,-9.973267461515752e-05,1.0,zob_sgda,101.0,9.973287200502982e-05,-9.973267461515752e-05,development_reference
OPTPRLOC,4.9,-16.408990578323614,21.308990578323616,nomad_default,1.0,9.278194273123218e-05,-16.408990578323614,formal
AIRPORT,0.0,48487.653663395264,48487.653663395264,nomad_default,10.0,9.250134319513473e-05,48487.653663395264,formal
HAIFAM,1.0,-0.06720632352965622,1.0672063235296563,zominmax,4.0,0.0,-0.06720632352965622,formal
HIMMELBI,0.0,-1735.02178679986,1735.02178679986,zob_gda,101.0,0.0,-1735.02178679986,development_reference
MADSSCHJ,0.0,-4552.768312024165,4552.768312024165,zominmax,5.0,0.0,-4552.768312024165,formal
HAIFAL,0.0,-0.02570573129967026,1.0,szo_conex,10.0,0.0,-1.1364871944001922,uniform_szo_conex_formal
CAMSHAPE,-1.0,,,,,,,
ROSEPETAL,1.0,-0.0003672828917330537,1.0003672828917332,zob_sgda,102.0,0.0,-0.0003672828917330537,published_reference_witness
