solver,seed,problems,feasible_count,feasible_fraction,solved_1e_1,solved_1e_2,solved_1e_3
zob_sgda,1,30,22,0.7333333333333333,17,13,12
zob_sgda,2,30,22,0.7333333333333333,17,13,12
zob_sgda,3,30,23,0.7666666666666667,17,13,13
zob_sgda,4,30,22,0.7333333333333333,17,13,13
zob_sgda,5,30,23,0.7666666666666667,16,12,12
zob_sgda,6,30,23,0.7666666666666667,17,12,12
zob_sgda,7,30,22,0.7333333333333333,17,13,13
zob_sgda,8,30,22,0.7333333333333333,16,12,11
zob_sgda,9,30,23,0.7666666666666667,17,12,12
zob_sgda,10,30,23,0.7666666666666667,18,13,13
zob_gda,1,30,23,0.7666666666666667,18,14,9
zob_gda,2,30,22,0.7333333333333333,18,15,11
zob_gda,3,30,22,0.7333333333333333,18,15,8
zob_gda,4,30,22,0.7333333333333333,19,14,10
zob_gda,5,30,23,0.7666666666666667,19,14,10
zob_gda,6,30,22,0.7333333333333333,18,14,9
zob_gda,7,30,23,0.7666666666666667,19,14,10
zob_gda,8,30,22,0.7333333333333333,18,13,9
zob_gda,9,30,22,0.7333333333333333,19,14,10
zob_gda,10,30,22,0.7333333333333333,18,15,11
nomad_default,1,30,26,0.8666666666666667,13,7,4
nomad_default,2,30,27,0.9,15,10,6
nomad_default,3,30,25,0.8333333333333334,15,9,6
nomad_default,4,30,24,0.8,14,9,4
nomad_default,5,30,25,0.8333333333333334,14,9,6
nomad_default,6,30,24,0.8,14,9,4
nomad_default,7,30,25,0.8333333333333334,14,9,6
nomad_default,8,30,26,0.8666666666666667,13,8,3
nomad_default,9,30,27,0.9,13,10,3
nomad_default,10,30,26,0.8666666666666667,14,7,3
zoagp,1,30,18,0.6,11,7,5
zominmax,1,30,18,0.6,14,10,8
zominmax,2,30,17,0.5666666666666667,13,10,8
zominmax,3,30,18,0.6,11,8,7
zominmax,4,30,18,0.6,14,10,9
zominmax,5,30,19,0.6333333333333333,13,10,10
zominmax,6,30,19,0.6333333333333333,14,11,8
zominmax,7,30,19,0.6333333333333333,13,10,8
zominmax,8,30,18,0.6,13,11,9
zominmax,9,30,19,0.6333333333333333,13,10,8
zominmax,10,30,17,0.5666666666666667,11,10,9
szo_conex,1,30,16,0.5333333333333333,8,5,2
szo_conex,2,30,17,0.5666666666666667,7,4,2
szo_conex,3,30,16,0.5333333333333333,7,4,2
szo_conex,4,30,16,0.5333333333333333,6,4,2
szo_conex,5,30,17,0.5666666666666667,7,5,2
szo_conex,6,30,16,0.5333333333333333,7,5,2
szo_conex,7,30,17,0.5666666666666667,7,5,2
szo_conex,8,30,16,0.5333333333333333,8,5,2
szo_conex,9,30,16,0.5333333333333333,7,4,2
szo_conex,10,30,16,0.5333333333333333,8,5,3
