solver,seed,tau,normalized_log_auc
nomad_default,1,0.001,0.08137564744949907
nomad_default,2,0.001,0.10853920023997192
nomad_default,3,0.001,0.11402057706976902
nomad_default,4,0.001,0.0803348863683217
nomad_default,5,0.001,0.10013245825114574
nomad_default,6,0.001,0.0803348863683217
nomad_default,7,0.001,0.10013245825114574
nomad_default,8,0.001,0.06467850154495561
nomad_default,9,0.001,0.06013106886856318
nomad_default,10,0.001,0.06127120311871632
nomad_default,1,0.01,0.13214226401286627
nomad_default,2,0.01,0.17598546167998663
nomad_default,3,0.01,0.16195644796460726
nomad_default,4,0.01,0.1589905316115205
nomad_default,5,0.01,0.15981382617371234
nomad_default,6,0.01,0.1589905316115205
nomad_default,7,0.01,0.15981382617371234
nomad_default,8,0.01,0.1453978048613107
nomad_default,9,0.01,0.1690732016745476
nomad_default,10,0.01,0.12239832252456824
nomad_default,1,0.1,0.2723807121812195
nomad_default,2,0.1,0.31490318390216165
nomad_default,3,0.1,0.3051996638252061
nomad_default,4,0.1,0.29244959649875707
nomad_default,5,0.1,0.27792332755361654
nomad_default,6,0.1,0.29244959649875707
nomad_default,7,0.1,0.27792332755361654
nomad_default,8,0.1,0.2813490140410307
nomad_default,9,0.1,0.2792158254435861
nomad_default,10,0.1,0.2958188319705951
szo_conex,1,0.001,0.02223509144221241
szo_conex,2,0.001,0.021012279296947982
szo_conex,3,0.001,0.024743453757835404
szo_conex,4,0.001,0.021196758505088273
szo_conex,5,0.001,0.023760438715388296
szo_conex,6,0.001,0.02352661302718116
szo_conex,7,0.001,0.02132655474831025
szo_conex,8,0.001,0.02311793579088435
szo_conex,9,0.001,0.021709523928257615
szo_conex,10,0.001,0.043652703322678746
szo_conex,1,0.01,0.052812152193400214
szo_conex,2,0.01,0.048837467751904104
szo_conex,3,0.01,0.053439644230514456
szo_conex,4,0.01,0.04594894420259677
szo_conex,5,0.01,0.05741205885119027
szo_conex,6,0.01,0.0535768200335628
szo_conex,7,0.01,0.049536753772278994
szo_conex,8,0.01,0.05783921685562538
szo_conex,9,0.01,0.05231087307703441
szo_conex,10,0.01,0.06316829446788198
szo_conex,1,0.1,0.11413519908162001
szo_conex,2,0.1,0.10870747806346602
szo_conex,3,0.1,0.11142591683658129
szo_conex,4,0.1,0.10704011924575103
szo_conex,5,0.1,0.11332739616583516
szo_conex,6,0.1,0.109969541694943
szo_conex,7,0.1,0.11016524126495934
szo_conex,8,0.1,0.11603905848426192
szo_conex,9,0.1,0.10784637233573814
szo_conex,10,0.1,0.11673567309061393
zoagp,1,0.001,0.06053184436024157
zoagp,1,0.01,0.09607444108996244
zoagp,1,0.1,0.2107957060293051
zob_gda,1,0.001,0.09530060426755378
zob_gda,2,0.001,0.11180808904030062
zob_gda,3,0.001,0.08999713693374566
zob_gda,4,0.001,0.09866262548238403
zob_gda,5,0.001,0.10062621339090921
zob_gda,6,0.001,0.09474138518685858
zob_gda,7,0.001,0.10016009074428579
zob_gda,8,0.001,0.09600132883536726
zob_gda,9,0.001,0.09900088018503078
zob_gda,10,0.001,0.1080939684383729
zob_gda,1,0.01,0.14616968313396597
zob_gda,2,0.01,0.16954656328029252
zob_gda,3,0.01,0.1709355180771671
zob_gda,4,0.01,0.15608446422241143
zob_gda,5,0.01,0.15048445703036603
zob_gda,6,0.01,0.154508044111041
zob_gda,7,0.01,0.15112467202139995
zob_gda,8,0.01,0.15430889570471842
zob_gda,9,0.01,0.1425419063232292
zob_gda,10,0.01,0.1558122939505334
zob_gda,1,0.1,0.2945494084986832
zob_gda,2,0.1,0.2829054905816652
zob_gda,3,0.1,0.28477224857707867
zob_gda,4,0.1,0.2840454326966235
zob_gda,5,0.1,0.28951987023781395
zob_gda,6,0.1,0.2817994305314693
zob_gda,7,0.1,0.28837180057552064
zob_gda,8,0.1,0.2838557802614106
zob_gda,9,0.1,0.2965250099908517
zob_gda,10,0.1,0.28891395461772573
zob_sgda,1,0.001,0.1089883116284188
zob_sgda,2,0.001,0.1098770822990958
zob_sgda,3,0.001,0.11743051150014203
zob_sgda,4,0.001,0.12019829672329105
zob_sgda,5,0.001,0.10244350138913155
zob_sgda,6,0.001,0.10496597188578403
zob_sgda,7,0.001,0.11352267170827356
zob_sgda,8,0.001,0.09501676435238514
zob_sgda,9,0.001,0.10308746683906236
zob_sgda,10,0.001,0.12016705263701444
zob_sgda,1,0.01,0.14067145100861198
zob_sgda,2,0.01,0.14412263039892848
zob_sgda,3,0.01,0.14533161285598478
zob_sgda,4,0.01,0.1478479309211401
zob_sgda,5,0.01,0.12832385219575054
zob_sgda,6,0.01,0.13074790586091656
zob_sgda,7,0.01,0.13854031566012623
zob_sgda,8,0.01,0.12635399563047428
zob_sgda,9,0.01,0.1306164420990364
zob_sgda,10,0.01,0.14672461673495227
zob_sgda,1,0.1,0.2581071368730743
zob_sgda,2,0.1,0.2580463802312171
zob_sgda,3,0.1,0.27171038226154637
zob_sgda,4,0.1,0.26753215889284854
zob_sgda,5,0.1,0.24376031432790818
zob_sgda,6,0.1,0.262563296626997
zob_sgda,7,0.1,0.2671897086027135
zob_sgda,8,0.1,0.2414422843705937
zob_sgda,9,0.1,0.2569416005765086
zob_sgda,10,0.1,0.27459046467620385
zominmax,1,0.001,0.08077027034978834
zominmax,2,0.001,0.08312076569890998
zominmax,3,0.001,0.062022789294484244
zominmax,4,0.001,0.09107045079074522
zominmax,5,0.001,0.09967278383440412
zominmax,6,0.001,0.08105662651597224
zominmax,7,0.001,0.08000007729628274
zominmax,8,0.001,0.0883239203637917
zominmax,9,0.001,0.08368234870285957
zominmax,10,0.001,0.08174853401750344
zominmax,1,0.01,0.10674268795150015
zominmax,2,0.01,0.11103353944157063
zominmax,3,0.01,0.07623617327459391
zominmax,4,0.01,0.10805189473083092
zominmax,5,0.01,0.10959776829531537
zominmax,6,0.01,0.11708072718432236
zominmax,7,0.01,0.10722712102278602
zominmax,8,0.01,0.11247842567183376
zominmax,9,0.01,0.10972723552246216
zominmax,10,0.01,0.09281232492665877
zominmax,1,0.1,0.21034132710937345
zominmax,2,0.1,0.20380187048232054
zominmax,3,0.1,0.16708090789235885
zominmax,4,0.1,0.20677018916775683
zominmax,5,0.1,0.20488004810398308
zominmax,6,0.1,0.2114142843489544
zominmax,7,0.1,0.20338932817562444
zominmax,8,0.1,0.20374056778227764
zominmax,9,0.1,0.207841891068648
zominmax,10,0.1,0.16805215464510737
