solver,problem,seeds,feasible_rate,solved_1e_1,solved_1e_2,solved_1e_3
zob_gda,HIMMELP3,10,1.0,1.0,1.0,1.0
zob_gda,HIMMELP6,10,1.0,1.0,1.0,1.0
zob_gda,MADSEN,10,1.0,1.0,1.0,1.0
zob_gda,MAKELA2,10,1.0,1.0,1.0,0.9
zob_gda,GIGOMEZ2,10,1.0,1.0,1.0,1.0
zob_gda,CANTILVR,10,0.0,0.0,0.0,0.0
zob_gda,POLAK6,10,1.0,1.0,1.0,0.0
zob_gda,CRESC4,10,0.2,0.2,0.0,0.0
zob_gda,HALDMADS,10,1.0,0.2,0.0,0.0
zob_gda,MATRIX2,10,1.0,1.0,1.0,1.0
zob_gda,PENTAGON,10,1.0,1.0,1.0,1.0
zob_gda,HS100,10,1.0,1.0,1.0,1.0
zob_gda,HS101,10,0.0,0.0,0.0,0.0
zob_gda,HS106,10,1.0,0.0,0.0,0.0
zob_gda,HS104,10,1.0,1.0,0.9,0.6
zob_gda,HS108,10,1.0,0.9,0.0,0.0
zob_gda,HS113,10,1.0,1.0,1.0,0.0
zob_gda,POLAK3,10,1.0,1.0,0.4,0.0
zob_gda,HS116,10,0.0,0.0,0.0,0.0
zob_gda,HAIFAS,10,1.0,1.0,1.0,0.2
zob_gda,HS117,10,1.0,0.0,0.0,0.0
zob_gda,MAKELA3,10,1.0,1.0,0.9,0.0
zob_gda,OPTPRLOC,10,0.1,0.1,0.0,0.0
zob_gda,AIRPORT,10,0.0,0.0,0.0,0.0
zob_gda,HAIFAM,10,1.0,1.0,0.0,0.0
zob_gda,HIMMELBI,10,0.0,0.0,0.0,0.0
zob_gda,MADSSCHJ,10,1.0,0.0,0.0,0.0
zob_gda,HAIFAL,10,1.0,1.0,0.0,0.0
zob_gda,CAMSHAPE,10,0.0,0.0,0.0,0.0
zob_gda,ROSEPETAL,10,1.0,1.0,1.0,1.0
zob_sgda,HIMMELP3,10,1.0,1.0,1.0,1.0
zob_sgda,HIMMELP6,10,1.0,1.0,1.0,1.0
zob_sgda,MADSEN,10,1.0,1.0,1.0,1.0
zob_sgda,MAKELA2,10,1.0,1.0,1.0,1.0
zob_sgda,GIGOMEZ2,10,1.0,1.0,1.0,1.0
zob_sgda,CANTILVR,10,0.0,0.0,0.0,0.0
zob_sgda,POLAK6,10,1.0,1.0,1.0,1.0
zob_sgda,CRESC4,10,0.4,0.2,0.0,0.0
zob_sgda,HALDMADS,10,1.0,0.0,0.0,0.0
zob_sgda,MATRIX2,10,1.0,1.0,1.0,1.0
zob_sgda,PENTAGON,10,1.0,1.0,1.0,1.0
zob_sgda,HS100,10,1.0,1.0,1.0,1.0
zob_sgda,HS101,10,0.0,0.0,0.0,0.0
zob_sgda,HS106,10,1.0,0.0,0.0,0.0
zob_sgda,HS104,10,1.0,1.0,1.0,1.0
zob_sgda,HS108,10,1.0,1.0,1.0,0.7
zob_sgda,HS113,10,1.0,1.0,0.0,0.0
zob_sgda,POLAK3,10,1.0,1.0,0.0,0.0
zob_sgda,HS116,10,0.0,0.0,0.0,0.0
zob_sgda,HAIFAS,10,1.0,0.6,0.6,0.6
zob_sgda,HS117,10,1.0,0.0,0.0,0.0
zob_sgda,MAKELA3,10,1.0,0.0,0.0,0.0
zob_sgda,OPTPRLOC,10,0.1,0.1,0.0,0.0
zob_sgda,AIRPORT,10,0.0,0.0,0.0,0.0
zob_sgda,HAIFAM,10,1.0,1.0,0.0,0.0
zob_sgda,HIMMELBI,10,0.0,0.0,0.0,0.0
zob_sgda,MADSSCHJ,10,1.0,0.0,0.0,0.0
zob_sgda,HAIFAL,10,1.0,1.0,0.0,0.0
zob_sgda,CAMSHAPE,10,0.0,0.0,0.0,0.0
zob_sgda,ROSEPETAL,10,1.0,1.0,1.0,1.0
nomad_default,HIMMELP3,10,1.0,1.0,1.0,1.0
nomad_default,HIMMELP6,10,1.0,1.0,1.0,1.0
nomad_default,MADSEN,10,1.0,0.4,0.1,0.0
nomad_default,MAKELA2,10,1.0,0.9,0.7,0.4
nomad_default,GIGOMEZ2,10,0.9,0.0,0.0,0.0
nomad_default,CANTILVR,10,1.0,0.0,0.0,0.0
nomad_default,POLAK6,10,0.7,0.0,0.0,0.0
nomad_default,CRESC4,10,0.6,0.0,0.0,0.0
nomad_default,HALDMADS,10,1.0,0.2,0.2,0.2
nomad_default,MATRIX2,10,1.0,1.0,0.9,0.5
nomad_default,PENTAGON,10,1.0,1.0,1.0,0.5
nomad_default,HS100,10,1.0,1.0,0.0,0.0
nomad_default,HS101,10,1.0,0.8,0.4,0.2
nomad_default,HS106,10,1.0,1.0,1.0,0.2
nomad_default,HS104,10,1.0,1.0,0.9,0.0
nomad_default,HS108,10,0.0,0.0,0.0,0.0
nomad_default,HS113,10,1.0,0.0,0.0,0.0
nomad_default,POLAK3,10,0.8,0.0,0.0,0.0
nomad_default,HS116,10,1.0,1.0,0.6,0.2
nomad_default,HAIFAS,10,1.0,0.0,0.0,0.0
nomad_default,HS117,10,1.0,0.1,0.1,0.1
nomad_default,MAKELA3,10,1.0,0.0,0.0,0.0
nomad_default,OPTPRLOC,10,1.0,1.0,0.6,0.1
nomad_default,AIRPORT,10,0.5,0.5,0.2,0.1
nomad_default,HAIFAM,10,1.0,0.0,0.0,0.0
nomad_default,HIMMELBI,10,1.0,1.0,0.0,0.0
nomad_default,MADSSCHJ,10,1.0,0.0,0.0,0.0
nomad_default,HAIFAL,10,1.0,1.0,0.0,0.0
nomad_default,CAMSHAPE,10,0.0,0.0,0.0,0.0
nomad_default,ROSEPETAL,10,0.0,0.0,0.0,0.0
zominmax,HIMMELP3,10,1.0,1.0,1.0,1.0
zominmax,HIMMELP6,10,1.0,1.0,1.0,1.0
zominmax,MADSEN,10,1.0,1.0,1.0,1.0
zominmax,MAKELA2,10,1.0,1.0,1.0,1.0
zominmax,GIGOMEZ2,10,0.0,0.0,0.0,0.0
zominmax,CANTILVR,10,0.0,0.0,0.0,0.0
zominmax,POLAK6,10,0.5,0.0,0.0,0.0
zominmax,CRESC4,10,0.0,0.0,0.0,0.0
zominmax,HALDMADS,10,0.9,0.0,0.0,0.0
zominmax,MATRIX2,10,1.0,0.8,0.8,0.8
zominmax,PENTAGON,10,1.0,1.0,1.0,1.0
zominmax,HS100,10,1.0,1.0,1.0,1.0
zominmax,HS101,10,0.0,0.0,0.0,0.0
zominmax,HS106,10,1.0,0.0,0.0,0.0
zominmax,HS104,10,0.8,0.8,0.0,0.0
zominmax,HS108,10,1.0,1.0,0.4,0.0
zominmax,HS113,10,1.0,1.0,1.0,1.0
zominmax,POLAK3,10,0.0,0.0,0.0,0.0
zominmax,HS116,10,0.0,0.0,0.0,0.0
zominmax,HAIFAS,10,1.0,0.0,0.0,0.0
zominmax,HS117,10,1.0,0.0,0.0,0.0
zominmax,MAKELA3,10,1.0,0.3,0.0,0.0
zominmax,OPTPRLOC,10,0.0,0.0,0.0,0.0
zominmax,AIRPORT,10,0.0,0.0,0.0,0.0
zominmax,HAIFAM,10,1.0,1.0,1.0,0.4
zominmax,HIMMELBI,10,0.0,0.0,0.0,0.0
zominmax,MADSSCHJ,10,1.0,1.0,0.8,0.2
zominmax,HAIFAL,10,1.0,1.0,0.0,0.0
zominmax,CAMSHAPE,10,0.0,0.0,0.0,0.0
zominmax,ROSEPETAL,10,0.0,0.0,0.0,0.0
zoagp,HIMMELP3,1,1.0,1.0,1.0,1.0
zoagp,HIMMELP6,1,1.0,1.0,1.0,1.0
zoagp,MADSEN,1,0.0,0.0,0.0,0.0
zoagp,MAKELA2,1,1.0,1.0,1.0,0.0
zoagp,GIGOMEZ2,1,0.0,0.0,0.0,0.0
zoagp,CANTILVR,1,0.0,0.0,0.0,0.0
zoagp,POLAK6,1,1.0,0.0,0.0,0.0
zoagp,CRESC4,1,0.0,0.0,0.0,0.0
zoagp,HALDMADS,1,1.0,0.0,0.0,0.0
zoagp,MATRIX2,1,1.0,0.0,0.0,0.0
zoagp,PENTAGON,1,1.0,1.0,1.0,1.0
zoagp,HS100,1,1.0,1.0,1.0,1.0
zoagp,HS101,1,0.0,0.0,0.0,0.0
zoagp,HS106,1,1.0,0.0,0.0,0.0
zoagp,HS104,1,0.0,0.0,0.0,0.0
zoagp,HS108,1,1.0,1.0,0.0,0.0
zoagp,HS113,1,1.0,1.0,0.0,0.0
zoagp,POLAK3,1,0.0,0.0,0.0,0.0
zoagp,HS116,1,0.0,0.0,0.0,0.0
zoagp,HAIFAS,1,1.0,0.0,0.0,0.0
zoagp,HS117,1,1.0,0.0,0.0,0.0
zoagp,MAKELA3,1,1.0,1.0,1.0,1.0
zoagp,OPTPRLOC,1,0.0,0.0,0.0,0.0
zoagp,AIRPORT,1,0.0,0.0,0.0,0.0
zoagp,HAIFAM,1,1.0,1.0,0.0,0.0
zoagp,HIMMELBI,1,0.0,0.0,0.0,0.0
zoagp,MADSSCHJ,1,1.0,0.0,0.0,0.0
zoagp,HAIFAL,1,1.0,1.0,0.0,0.0
zoagp,CAMSHAPE,1,0.0,0.0,0.0,0.0
zoagp,ROSEPETAL,1,1.0,1.0,1.0,0.0
szo_conex,HIMMELP3,10,1.0,0.0,0.0,0.0
szo_conex,HIMMELP6,10,1.0,0.0,0.0,0.0
szo_conex,MADSEN,10,1.0,0.5,0.1,0.0
szo_conex,MAKELA2,10,1.0,0.4,0.0,0.0
szo_conex,GIGOMEZ2,10,1.0,1.0,0.5,0.0
szo_conex,CANTILVR,10,0.0,0.0,0.0,0.0
szo_conex,POLAK6,10,1.0,0.3,0.0,0.0
szo_conex,CRESC4,10,0.1,0.0,0.0,0.0
szo_conex,HALDMADS,10,1.0,0.0,0.0,0.0
szo_conex,MATRIX2,10,1.0,1.0,1.0,1.0
szo_conex,PENTAGON,10,1.0,1.0,1.0,1.0
szo_conex,HS100,10,1.0,1.0,1.0,0.0
szo_conex,HS101,10,0.0,0.0,0.0,0.0
szo_conex,HS106,10,0.2,0.0,0.0,0.0
szo_conex,HS104,10,0.0,0.0,0.0,0.0
szo_conex,HS108,10,1.0,0.0,0.0,0.0
szo_conex,HS113,10,1.0,0.0,0.0,0.0
szo_conex,POLAK3,10,0.0,0.0,0.0,0.0
szo_conex,HS116,10,0.0,0.0,0.0,0.0
szo_conex,HAIFAS,10,1.0,0.0,0.0,0.0
szo_conex,HS117,10,1.0,0.0,0.0,0.0
szo_conex,MAKELA3,10,0.0,0.0,0.0,0.0
szo_conex,OPTPRLOC,10,0.0,0.0,0.0,0.0
szo_conex,AIRPORT,10,0.0,0.0,0.0,0.0
szo_conex,HAIFAM,10,1.0,1.0,0.0,0.0
szo_conex,HIMMELBI,10,0.0,0.0,0.0,0.0
szo_conex,MADSSCHJ,10,0.0,0.0,0.0,0.0
szo_conex,HAIFAL,10,1.0,1.0,1.0,0.1
szo_conex,CAMSHAPE,10,0.0,0.0,0.0,0.0
szo_conex,ROSEPETAL,10,0.0,0.0,0.0,0.0
