solver,tau,n_seeds,mean,sample_sd,standard_error,ci_low,ci_high,ci_halfwidth
nomad_default,0.001,10,0.08509508875304102,0.019735262705372746,0.00624083803707544,0.0709773322852585,0.09921284522082353,0.014117756467782521
nomad_default,0.01,10,0.15445622182883523,0.016464176527918588,0.005206429762730554,0.14267845944817753,0.16623398420949292,0.01177776238065769
nomad_default,0.1,10,0.28896130794685465,0.013660725153551797,0.0043199005974777095,0.27918901386745276,0.29873360202625654,0.009772294079401903
szo_conex,0.001,10,0.02462813525347845,0.006800233531621991,0.0021504226580976145,0.01976354123429918,0.029492729272657718,0.004864594019179269
szo_conex,0.01,10,0.05348822254359894,0.0049885336419322945,0.0015775128492880898,0.04991964055208751,0.05705680453511037,0.003568581991511431
szo_conex,0.1,10,0.11153919962637697,0.003390357101996432,0.0010721250523636522,0.1091138842596972,0.11396451499305674,0.0024253153666797616
zoagp,0.001,1,0.06053184436024157,,,,,
zoagp,0.01,1,0.09607444108996244,,,,,
zoagp,0.1,1,0.2107957060293051,,,,,
zob_gda,0.001,10,0.09943923225048087,0.006418612354764802,0.002029743445875349,0.09484763357563779,0.10403083092532396,0.004591598674843081
zob_gda,0.01,10,0.1551516497855125,0.009045905655797536,0.002860566537131934,0.14868059870371875,0.16162270086730623,0.00647105108179375
zob_gda,0.1,10,0.28752584265688425,0.004991531455173159,0.0015784608410721842,0.2839551161589681,0.29109656915480037,0.003570726497916147
zob_sgda,0.001,10,0.10956976309625985,0.00835933338763662,0.002643453322562294,0.1035898562279551,0.1155496699645646,0.005979906868304761
zob_sgda,0.01,10,0.13792807533659218,0.008219784678086251,0.0025993241458906486,0.13204799560138603,0.14380815507179834,0.005880079735206143
zob_sgda,0.1,10,0.26018837274396117,0.011002652480256064,0.003479344214090996,0.25231754930802025,0.2680591961799021,0.00787082343594091
zominmax,0.001,10,0.08314685668647417,0.009609486095439428,0.0030387863205306766,0.07627264444510265,0.0900210689278457,0.006874212241371522
zominmax,0.01,10,0.10509878980218741,0.011901779956204827,0.0037636732871746312,0.0965847693169627,0.11361281028741213,0.008514020485224724
zominmax,0.1,10,0.19873125687764043,0.016655137641998292,0.005266816969232065,0.1868168891452506,0.21064562461003025,0.011914367732389831
