problem,solver,seed,status,total_queries,iterations,returned_average_evaluated,feasibility_correction,nomad_seed_state_verified,nomad_initial_rng_state
HIMMELP3,zob_sgda,1,completed,49998.0,,,none,,
HIMMELP3,zob_sgda,2,completed,49998.0,,,none,,
HIMMELP3,zob_sgda,3,completed,49998.0,,,none,,
HIMMELP3,zob_sgda,4,completed,49998.0,,,none,,
HIMMELP3,zob_sgda,5,completed,49998.0,,,none,,
HIMMELP3,zob_sgda,6,completed,49998.0,,,none,,
HIMMELP3,zob_sgda,7,completed,49998.0,,,none,,
HIMMELP3,zob_sgda,8,completed,49998.0,,,none,,
HIMMELP3,zob_sgda,9,completed,49998.0,,,none,,
HIMMELP3,zob_sgda,10,completed,49998.0,,,none,,
HIMMELP3,zob_gda,1,completed,49998.0,,,none,,
HIMMELP3,zob_gda,2,completed,49998.0,,,none,,
HIMMELP3,zob_gda,3,completed,49998.0,,,none,,
HIMMELP3,zob_gda,4,completed,49998.0,,,none,,
HIMMELP3,zob_gda,5,completed,49998.0,,,none,,
HIMMELP3,zob_gda,6,completed,49998.0,,,none,,
HIMMELP3,zob_gda,7,completed,49998.0,,,none,,
HIMMELP3,zob_gda,8,completed,49998.0,,,none,,
HIMMELP3,zob_gda,9,completed,49998.0,,,none,,
HIMMELP3,zob_gda,10,completed,49998.0,,,none,,
HIMMELP3,nomad_default,1,nomad_done:1,9411.0,,,none,True,362436069 521288629 1588437975
HIMMELP3,nomad_default,2,nomad_done:1,163.0,,,none,True,521288629 1588437975 2268752316
HIMMELP3,nomad_default,3,nomad_done:1,165.0,,,none,True,1588437975 2268752316 3071397075
HIMMELP3,nomad_default,4,nomad_done:1,154.0,,,none,True,2268752316 3071397075 1066942004
HIMMELP3,nomad_default,5,nomad_done:1,163.0,,,none,True,3071397075 1066942004 2996772340
HIMMELP3,nomad_default,6,nomad_done:1,154.0,,,none,True,1066942004 2996772340 86133791
HIMMELP3,nomad_default,7,nomad_done:1,163.0,,,none,True,2996772340 86133791 3042881956
HIMMELP3,nomad_default,8,nomad_done:1,11019.0,,,none,True,86133791 3042881956 1313616534
HIMMELP3,nomad_default,9,nomad_done:1,9388.0,,,none,True,3042881956 1313616534 646932915
HIMMELP3,nomad_default,10,nomad_done:1,171.0,,,none,True,1313616534 646932915 1705310046
HIMMELP3,zoagp,1,query_limit,49999.0,16666.0,,none,,
HIMMELP3,zominmax,1,query_limit,49999.0,24999.0,,none,,
HIMMELP3,zominmax,2,query_limit,49999.0,24999.0,,none,,
HIMMELP3,zominmax,3,query_limit,49999.0,24999.0,,none,,
HIMMELP3,zominmax,4,query_limit,49999.0,24999.0,,none,,
HIMMELP3,zominmax,5,query_limit,49999.0,24999.0,,none,,
HIMMELP3,zominmax,6,query_limit,49999.0,24999.0,,none,,
HIMMELP3,zominmax,7,query_limit,49999.0,24999.0,,none,,
HIMMELP3,zominmax,8,query_limit,49999.0,24999.0,,none,,
HIMMELP3,zominmax,9,query_limit,49999.0,24999.0,,none,,
HIMMELP3,zominmax,10,query_limit,49999.0,24999.0,,none,,
HIMMELP3,szo_conex,1,query_limit,49992.0,4999.0,True,none,,
HIMMELP3,szo_conex,2,query_limit,49992.0,4999.0,True,none,,
HIMMELP3,szo_conex,3,query_limit,49992.0,4999.0,True,none,,
HIMMELP3,szo_conex,4,query_limit,49992.0,4999.0,True,none,,
HIMMELP3,szo_conex,5,query_limit,49992.0,4999.0,True,none,,
HIMMELP3,szo_conex,6,query_limit,49992.0,4999.0,True,none,,
HIMMELP3,szo_conex,7,query_limit,49992.0,4999.0,True,none,,
HIMMELP3,szo_conex,8,query_limit,49992.0,4999.0,True,none,,
HIMMELP3,szo_conex,9,query_limit,49992.0,4999.0,True,none,,
HIMMELP3,szo_conex,10,query_limit,49992.0,4999.0,True,none,,
HIMMELP6,zob_sgda,1,completed,49998.0,,,none,,
HIMMELP6,zob_sgda,2,completed,49998.0,,,none,,
HIMMELP6,zob_sgda,3,completed,49998.0,,,none,,
HIMMELP6,zob_sgda,4,completed,49998.0,,,none,,
HIMMELP6,zob_sgda,5,completed,49998.0,,,none,,
HIMMELP6,zob_sgda,6,completed,49998.0,,,none,,
HIMMELP6,zob_sgda,7,completed,49998.0,,,none,,
HIMMELP6,zob_sgda,8,completed,49998.0,,,none,,
HIMMELP6,zob_sgda,9,completed,49998.0,,,none,,
HIMMELP6,zob_sgda,10,completed,49998.0,,,none,,
HIMMELP6,zob_gda,1,completed,49998.0,,,none,,
HIMMELP6,zob_gda,2,completed,49998.0,,,none,,
HIMMELP6,zob_gda,3,completed,49998.0,,,none,,
HIMMELP6,zob_gda,4,completed,49998.0,,,none,,
HIMMELP6,zob_gda,5,completed,49998.0,,,none,,
HIMMELP6,zob_gda,6,completed,49998.0,,,none,,
HIMMELP6,zob_gda,7,completed,49998.0,,,none,,
HIMMELP6,zob_gda,8,completed,49998.0,,,none,,
HIMMELP6,zob_gda,9,completed,49998.0,,,none,,
HIMMELP6,zob_gda,10,completed,49998.0,,,none,,
HIMMELP6,nomad_default,1,nomad_done:-4,18393.0,,,none,True,362436069 521288629 1588437975
HIMMELP6,nomad_default,2,nomad_done:1,815.0,,,none,True,521288629 1588437975 2268752316
HIMMELP6,nomad_default,3,nomad_done:1,388.0,,,none,True,1588437975 2268752316 3071397075
HIMMELP6,nomad_default,4,nomad_done:1,504.0,,,none,True,2268752316 3071397075 1066942004
HIMMELP6,nomad_default,5,nomad_done:1,295.0,,,none,True,3071397075 1066942004 2996772340
HIMMELP6,nomad_default,6,nomad_done:1,504.0,,,none,True,1066942004 2996772340 86133791
HIMMELP6,nomad_default,7,nomad_done:1,295.0,,,none,True,2996772340 86133791 3042881956
HIMMELP6,nomad_default,8,nomad_done:1,806.0,,,none,True,86133791 3042881956 1313616534
HIMMELP6,nomad_default,9,nomad_done:1,389.0,,,none,True,3042881956 1313616534 646932915
HIMMELP6,nomad_default,10,nomad_done:1,546.0,,,none,True,1313616534 646932915 1705310046
HIMMELP6,zoagp,1,query_limit,49999.0,16666.0,,none,,
HIMMELP6,zominmax,1,query_limit,49999.0,24999.0,,none,,
HIMMELP6,zominmax,2,query_limit,49999.0,24999.0,,none,,
HIMMELP6,zominmax,3,query_limit,49999.0,24999.0,,none,,
HIMMELP6,zominmax,4,query_limit,49999.0,24999.0,,none,,
HIMMELP6,zominmax,5,query_limit,49999.0,24999.0,,none,,
HIMMELP6,zominmax,6,query_limit,49999.0,24999.0,,none,,
HIMMELP6,zominmax,7,query_limit,49999.0,24999.0,,none,,
HIMMELP6,zominmax,8,query_limit,49999.0,24999.0,,none,,
HIMMELP6,zominmax,9,query_limit,49999.0,24999.0,,none,,
HIMMELP6,zominmax,10,query_limit,49999.0,24999.0,,none,,
HIMMELP6,szo_conex,1,query_limit,49986.0,2272.0,True,none,,
HIMMELP6,szo_conex,2,query_limit,49986.0,2272.0,True,none,,
HIMMELP6,szo_conex,3,query_limit,49986.0,2272.0,True,none,,
HIMMELP6,szo_conex,4,query_limit,49986.0,2272.0,True,none,,
HIMMELP6,szo_conex,5,query_limit,49986.0,2272.0,True,none,,
HIMMELP6,szo_conex,6,query_limit,49986.0,2272.0,True,none,,
HIMMELP6,szo_conex,7,query_limit,49986.0,2272.0,True,none,,
HIMMELP6,szo_conex,8,query_limit,49986.0,2272.0,True,none,,
HIMMELP6,szo_conex,9,query_limit,49986.0,2272.0,True,none,,
HIMMELP6,szo_conex,10,query_limit,49986.0,2272.0,True,none,,
MADSEN,zob_sgda,1,completed,49998.0,,,none,,
MADSEN,zob_sgda,2,completed,49998.0,,,none,,
MADSEN,zob_sgda,3,completed,49998.0,,,none,,
MADSEN,zob_sgda,4,completed,49998.0,,,none,,
MADSEN,zob_sgda,5,completed,49998.0,,,none,,
MADSEN,zob_sgda,6,completed,49998.0,,,none,,
MADSEN,zob_sgda,7,completed,49998.0,,,none,,
MADSEN,zob_sgda,8,completed,49998.0,,,none,,
MADSEN,zob_sgda,9,completed,49998.0,,,none,,
MADSEN,zob_sgda,10,completed,49998.0,,,none,,
MADSEN,zob_gda,1,completed,49998.0,,,none,,
MADSEN,zob_gda,2,completed,49998.0,,,none,,
MADSEN,zob_gda,3,completed,49998.0,,,none,,
MADSEN,zob_gda,4,completed,49998.0,,,none,,
MADSEN,zob_gda,5,completed,49998.0,,,none,,
MADSEN,zob_gda,6,completed,49998.0,,,none,,
MADSEN,zob_gda,7,completed,49998.0,,,none,,
MADSEN,zob_gda,8,completed,49998.0,,,none,,
MADSEN,zob_gda,9,completed,49998.0,,,none,,
MADSEN,zob_gda,10,completed,49998.0,,,none,,
MADSEN,nomad_default,1,nomad_done:1,2441.0,,,none,True,362436069 521288629 1588437975
MADSEN,nomad_default,2,nomad_done:1,633.0,,,none,True,521288629 1588437975 2268752316
MADSEN,nomad_default,3,nomad_done:1,688.0,,,none,True,1588437975 2268752316 3071397075
MADSEN,nomad_default,4,nomad_done:1,959.0,,,none,True,2268752316 3071397075 1066942004
MADSEN,nomad_default,5,nomad_done:1,3774.0,,,none,True,3071397075 1066942004 2996772340
MADSEN,nomad_default,6,nomad_done:1,959.0,,,none,True,1066942004 2996772340 86133791
MADSEN,nomad_default,7,nomad_done:1,3774.0,,,none,True,2996772340 86133791 3042881956
MADSEN,nomad_default,8,nomad_done:1,2078.0,,,none,True,86133791 3042881956 1313616534
MADSEN,nomad_default,9,nomad_done:1,2724.0,,,none,True,3042881956 1313616534 646932915
MADSEN,nomad_default,10,nomad_done:1,2243.0,,,none,True,1313616534 646932915 1705310046
MADSEN,zoagp,1,query_limit,49997.0,12499.0,,none,,
MADSEN,zominmax,1,query_limit,49999.0,24999.0,,none,,
MADSEN,zominmax,2,query_limit,49999.0,24999.0,,none,,
MADSEN,zominmax,3,query_limit,49999.0,24999.0,,none,,
MADSEN,zominmax,4,query_limit,49999.0,24999.0,,none,,
MADSEN,zominmax,5,query_limit,49999.0,24999.0,,none,,
MADSEN,zominmax,6,query_limit,49999.0,24999.0,,none,,
MADSEN,zominmax,7,query_limit,49999.0,24999.0,,none,,
MADSEN,zominmax,8,query_limit,49999.0,24999.0,,none,,
MADSEN,zominmax,9,query_limit,49999.0,24999.0,,none,,
MADSEN,zominmax,10,query_limit,49999.0,24999.0,,none,,
MADSEN,szo_conex,1,query_limit,50000.0,1923.0,True,none,,
MADSEN,szo_conex,2,query_limit,50000.0,1923.0,True,none,,
MADSEN,szo_conex,3,query_limit,50000.0,1923.0,True,none,,
MADSEN,szo_conex,4,query_limit,50000.0,1923.0,True,none,,
MADSEN,szo_conex,5,query_limit,50000.0,1923.0,True,none,,
MADSEN,szo_conex,6,query_limit,50000.0,1923.0,True,none,,
MADSEN,szo_conex,7,query_limit,50000.0,1923.0,True,none,,
MADSEN,szo_conex,8,query_limit,50000.0,1923.0,True,none,,
MADSEN,szo_conex,9,query_limit,50000.0,1923.0,True,none,,
MADSEN,szo_conex,10,query_limit,50000.0,1923.0,True,none,,
MAKELA2,zob_sgda,1,completed,49998.0,,,none,,
MAKELA2,zob_sgda,2,completed,49998.0,,,none,,
MAKELA2,zob_sgda,3,completed,49998.0,,,none,,
MAKELA2,zob_sgda,4,completed,49998.0,,,none,,
MAKELA2,zob_sgda,5,completed,49998.0,,,none,,
MAKELA2,zob_sgda,6,completed,49998.0,,,none,,
MAKELA2,zob_sgda,7,completed,49998.0,,,none,,
MAKELA2,zob_sgda,8,completed,49998.0,,,none,,
MAKELA2,zob_sgda,9,completed,49998.0,,,none,,
MAKELA2,zob_sgda,10,completed,49998.0,,,none,,
MAKELA2,zob_gda,1,completed,49998.0,,,none,,
MAKELA2,zob_gda,2,completed,49998.0,,,none,,
MAKELA2,zob_gda,3,completed,49998.0,,,none,,
MAKELA2,zob_gda,4,completed,49998.0,,,none,,
MAKELA2,zob_gda,5,completed,49998.0,,,none,,
MAKELA2,zob_gda,6,completed,49998.0,,,none,,
MAKELA2,zob_gda,7,completed,49998.0,,,none,,
MAKELA2,zob_gda,8,completed,49998.0,,,none,,
MAKELA2,zob_gda,9,completed,49998.0,,,none,,
MAKELA2,zob_gda,10,completed,49998.0,,,none,,
MAKELA2,nomad_default,1,nomad_done:1,3258.0,,,none,True,362436069 521288629 1588437975
MAKELA2,nomad_default,2,nomad_done:1,669.0,,,none,True,521288629 1588437975 2268752316
MAKELA2,nomad_default,3,nomad_done:1,643.0,,,none,True,1588437975 2268752316 3071397075
MAKELA2,nomad_default,4,nomad_done:1,2022.0,,,none,True,2268752316 3071397075 1066942004
MAKELA2,nomad_default,5,nomad_done:1,4006.0,,,none,True,3071397075 1066942004 2996772340
MAKELA2,nomad_default,6,nomad_done:1,2022.0,,,none,True,1066942004 2996772340 86133791
MAKELA2,nomad_default,7,nomad_done:1,4006.0,,,none,True,2996772340 86133791 3042881956
MAKELA2,nomad_default,8,nomad_done:1,2974.0,,,none,True,86133791 3042881956 1313616534
MAKELA2,nomad_default,9,nomad_done:0,50000.0,,,none,True,3042881956 1313616534 646932915
MAKELA2,nomad_default,10,nomad_done:1,,,,none,True,1313616534 646932915 1705310046
MAKELA2,zoagp,1,query_limit,49997.0,12499.0,,none,,
MAKELA2,zominmax,1,query_limit,49999.0,24999.0,,none,,
MAKELA2,zominmax,2,query_limit,49999.0,24999.0,,none,,
MAKELA2,zominmax,3,query_limit,49999.0,24999.0,,none,,
MAKELA2,zominmax,4,query_limit,49999.0,24999.0,,none,,
MAKELA2,zominmax,5,query_limit,49999.0,24999.0,,none,,
MAKELA2,zominmax,6,query_limit,49999.0,24999.0,,none,,
MAKELA2,zominmax,7,query_limit,49999.0,24999.0,,none,,
MAKELA2,zominmax,8,query_limit,49999.0,24999.0,,none,,
MAKELA2,zominmax,9,query_limit,49999.0,24999.0,,none,,
MAKELA2,zominmax,10,query_limit,49999.0,24999.0,,none,,
MAKELA2,szo_conex,1,query_limit,49996.0,3571.0,True,none,,
MAKELA2,szo_conex,2,query_limit,49996.0,3571.0,True,none,,
MAKELA2,szo_conex,3,query_limit,49996.0,3571.0,True,none,,
MAKELA2,szo_conex,4,query_limit,49996.0,3571.0,True,none,,
MAKELA2,szo_conex,5,query_limit,49996.0,3571.0,True,none,,
MAKELA2,szo_conex,6,query_limit,49996.0,3571.0,True,none,,
MAKELA2,szo_conex,7,query_limit,49996.0,3571.0,True,none,,
MAKELA2,szo_conex,8,query_limit,49996.0,3571.0,True,none,,
MAKELA2,szo_conex,9,query_limit,49996.0,3571.0,True,none,,
MAKELA2,szo_conex,10,query_limit,49996.0,3571.0,True,none,,
GIGOMEZ2,zob_sgda,1,completed,49998.0,,,none,,
GIGOMEZ2,zob_sgda,2,completed,49998.0,,,none,,
GIGOMEZ2,zob_sgda,3,completed,49998.0,,,none,,
GIGOMEZ2,zob_sgda,4,completed,49998.0,,,none,,
GIGOMEZ2,zob_sgda,5,completed,49998.0,,,none,,
GIGOMEZ2,zob_sgda,6,completed,49998.0,,,none,,
GIGOMEZ2,zob_sgda,7,completed,49998.0,,,none,,
GIGOMEZ2,zob_sgda,8,completed,49998.0,,,none,,
GIGOMEZ2,zob_sgda,9,completed,49998.0,,,none,,
GIGOMEZ2,zob_sgda,10,completed,49998.0,,,none,,
GIGOMEZ2,zob_gda,1,completed,49998.0,,,none,,
GIGOMEZ2,zob_gda,2,completed,49998.0,,,none,,
GIGOMEZ2,zob_gda,3,completed,49998.0,,,none,,
GIGOMEZ2,zob_gda,4,completed,49998.0,,,none,,
GIGOMEZ2,zob_gda,5,completed,49998.0,,,none,,
GIGOMEZ2,zob_gda,6,completed,49998.0,,,none,,
GIGOMEZ2,zob_gda,7,completed,49998.0,,,none,,
GIGOMEZ2,zob_gda,8,completed,49998.0,,,none,,
GIGOMEZ2,zob_gda,9,completed,49998.0,,,none,,
GIGOMEZ2,zob_gda,10,completed,49998.0,,,none,,
GIGOMEZ2,nomad_default,1,nomad_done:1,48449.0,,,none,True,362436069 521288629 1588437975
GIGOMEZ2,nomad_default,2,nomad_done:1,596.0,,,none,True,521288629 1588437975 2268752316
GIGOMEZ2,nomad_default,3,nomad_done:-1,538.0,,,none,True,1588437975 2268752316 3071397075
GIGOMEZ2,nomad_default,4,nomad_done:1,9161.0,,,none,True,2268752316 3071397075 1066942004
GIGOMEZ2,nomad_default,5,nomad_done:1,4022.0,,,none,True,3071397075 1066942004 2996772340
GIGOMEZ2,nomad_default,6,nomad_done:1,9161.0,,,none,True,1066942004 2996772340 86133791
GIGOMEZ2,nomad_default,7,nomad_done:1,4022.0,,,none,True,2996772340 86133791 3042881956
GIGOMEZ2,nomad_default,8,nomad_done:1,3305.0,,,none,True,86133791 3042881956 1313616534
GIGOMEZ2,nomad_default,9,nomad_done:1,1321.0,,,none,True,3042881956 1313616534 646932915
GIGOMEZ2,nomad_default,10,nomad_done:1,22738.0,,,none,True,1313616534 646932915 1705310046
GIGOMEZ2,zoagp,1,query_limit,49997.0,12499.0,,none,,
GIGOMEZ2,zominmax,1,query_limit,49999.0,24999.0,,none,,
GIGOMEZ2,zominmax,2,query_limit,49999.0,24999.0,,none,,
GIGOMEZ2,zominmax,3,query_limit,49999.0,24999.0,,none,,
GIGOMEZ2,zominmax,4,query_limit,49999.0,24999.0,,none,,
GIGOMEZ2,zominmax,5,query_limit,49999.0,24999.0,,none,,
GIGOMEZ2,zominmax,6,query_limit,49999.0,24999.0,,none,,
GIGOMEZ2,zominmax,7,query_limit,49999.0,24999.0,,none,,
GIGOMEZ2,zominmax,8,query_limit,49999.0,24999.0,,none,,
GIGOMEZ2,zominmax,9,query_limit,49999.0,24999.0,,none,,
GIGOMEZ2,zominmax,10,query_limit,49999.0,24999.0,,none,,
GIGOMEZ2,szo_conex,1,query_limit,49996.0,3571.0,True,none,,
GIGOMEZ2,szo_conex,2,query_limit,49996.0,3571.0,True,none,,
GIGOMEZ2,szo_conex,3,query_limit,49996.0,3571.0,True,none,,
GIGOMEZ2,szo_conex,4,query_limit,49996.0,3571.0,True,none,,
GIGOMEZ2,szo_conex,5,query_limit,49996.0,3571.0,True,none,,
GIGOMEZ2,szo_conex,6,query_limit,49996.0,3571.0,True,none,,
GIGOMEZ2,szo_conex,7,query_limit,49996.0,3571.0,True,none,,
GIGOMEZ2,szo_conex,8,query_limit,49996.0,3571.0,True,none,,
GIGOMEZ2,szo_conex,9,query_limit,49996.0,3571.0,True,none,,
GIGOMEZ2,szo_conex,10,query_limit,49996.0,3571.0,True,none,,
CANTILVR,zob_sgda,1,completed,49998.0,,,none,,
CANTILVR,zob_sgda,2,completed,49998.0,,,none,,
CANTILVR,zob_sgda,3,completed,49998.0,,,none,,
CANTILVR,zob_sgda,4,completed,49998.0,,,none,,
CANTILVR,zob_sgda,5,completed,49998.0,,,none,,
CANTILVR,zob_sgda,6,completed,49998.0,,,none,,
CANTILVR,zob_sgda,7,completed,49998.0,,,none,,
CANTILVR,zob_sgda,8,completed,49998.0,,,none,,
CANTILVR,zob_sgda,9,completed,49998.0,,,none,,
CANTILVR,zob_sgda,10,completed,49998.0,,,none,,
CANTILVR,zob_gda,1,completed,49996.0,,,none,,
CANTILVR,zob_gda,2,completed,49996.0,,,none,,
CANTILVR,zob_gda,3,completed,49996.0,,,none,,
CANTILVR,zob_gda,4,completed,49996.0,,,none,,
CANTILVR,zob_gda,5,completed,49996.0,,,none,,
CANTILVR,zob_gda,6,completed,49996.0,,,none,,
CANTILVR,zob_gda,7,completed,49996.0,,,none,,
CANTILVR,zob_gda,8,completed,49996.0,,,none,,
CANTILVR,zob_gda,9,completed,49996.0,,,none,,
CANTILVR,zob_gda,10,completed,49996.0,,,none,,
CANTILVR,nomad_default,1,nomad_done:1,3376.0,,,none,True,362436069 521288629 1588437975
CANTILVR,nomad_default,2,nomad_done:1,4838.0,,,none,True,521288629 1588437975 2268752316
CANTILVR,nomad_default,3,nomad_done:1,3919.0,,,none,True,1588437975 2268752316 3071397075
CANTILVR,nomad_default,4,nomad_done:1,4511.0,,,none,True,2268752316 3071397075 1066942004
CANTILVR,nomad_default,5,nomad_done:1,4938.0,,,none,True,3071397075 1066942004 2996772340
CANTILVR,nomad_default,6,nomad_done:1,4511.0,,,none,True,1066942004 2996772340 86133791
CANTILVR,nomad_default,7,nomad_done:1,4938.0,,,none,True,2996772340 86133791 3042881956
CANTILVR,nomad_default,8,nomad_done:1,4930.0,,,none,True,86133791 3042881956 1313616534
CANTILVR,nomad_default,9,nomad_done:1,4230.0,,,none,True,3042881956 1313616534 646932915
CANTILVR,nomad_default,10,nomad_done:1,3785.0,,,none,True,1313616534 646932915 1705310046
CANTILVR,zoagp,1,query_limit,49999.0,8333.0,,none,,
CANTILVR,zominmax,1,query_limit,49999.0,24999.0,,none,,
CANTILVR,zominmax,2,query_limit,49999.0,24999.0,,none,,
CANTILVR,zominmax,3,query_limit,49999.0,24999.0,,none,,
CANTILVR,zominmax,4,query_limit,49999.0,24999.0,,none,,
CANTILVR,zominmax,5,query_limit,49999.0,24999.0,,none,,
CANTILVR,zominmax,6,query_limit,49999.0,24999.0,,none,,
CANTILVR,zominmax,7,query_limit,49999.0,24999.0,,none,,
CANTILVR,zominmax,8,query_limit,49999.0,24999.0,,none,,
CANTILVR,zominmax,9,query_limit,49999.0,24999.0,,none,,
CANTILVR,zominmax,10,query_limit,49999.0,24999.0,,none,,
CANTILVR,szo_conex,1,query_limit,50000.0,8333.0,True,none,,
CANTILVR,szo_conex,2,query_limit,50000.0,8333.0,True,none,,
CANTILVR,szo_conex,3,query_limit,50000.0,8333.0,True,none,,
CANTILVR,szo_conex,4,query_limit,50000.0,8333.0,True,none,,
CANTILVR,szo_conex,5,query_limit,50000.0,8333.0,True,none,,
CANTILVR,szo_conex,6,query_limit,50000.0,8333.0,True,none,,
CANTILVR,szo_conex,7,query_limit,50000.0,8333.0,True,none,,
CANTILVR,szo_conex,8,query_limit,50000.0,8333.0,True,none,,
CANTILVR,szo_conex,9,query_limit,50000.0,8333.0,True,none,,
CANTILVR,szo_conex,10,query_limit,50000.0,8333.0,True,none,,
POLAK6,zob_sgda,1,completed,49998.0,,,none,,
POLAK6,zob_sgda,2,completed,49998.0,,,none,,
POLAK6,zob_sgda,3,completed,49998.0,,,none,,
POLAK6,zob_sgda,4,completed,49998.0,,,none,,
POLAK6,zob_sgda,5,completed,49998.0,,,none,,
POLAK6,zob_sgda,6,completed,49998.0,,,none,,
POLAK6,zob_sgda,7,completed,49998.0,,,none,,
POLAK6,zob_sgda,8,completed,49998.0,,,none,,
POLAK6,zob_sgda,9,completed,49998.0,,,none,,
POLAK6,zob_sgda,10,completed,49998.0,,,none,,
POLAK6,zob_gda,1,completed,49996.0,,,none,,
POLAK6,zob_gda,2,completed,49996.0,,,none,,
POLAK6,zob_gda,3,completed,49996.0,,,none,,
POLAK6,zob_gda,4,completed,49996.0,,,none,,
POLAK6,zob_gda,5,completed,49996.0,,,none,,
POLAK6,zob_gda,6,completed,49996.0,,,none,,
POLAK6,zob_gda,7,completed,49996.0,,,none,,
POLAK6,zob_gda,8,completed,49996.0,,,none,,
POLAK6,zob_gda,9,completed,49996.0,,,none,,
POLAK6,zob_gda,10,completed,49996.0,,,none,,
POLAK6,nomad_default,1,nomad_done:1,511.0,,,none,True,362436069 521288629 1588437975
POLAK6,nomad_default,2,nomad_done:1,587.0,,,none,True,521288629 1588437975 2268752316
POLAK6,nomad_default,3,nomad_done:-1,483.0,,,none,True,1588437975 2268752316 3071397075
POLAK6,nomad_default,4,nomad_done:-1,455.0,,,none,True,2268752316 3071397075 1066942004
POLAK6,nomad_default,5,nomad_done:1,524.0,,,none,True,3071397075 1066942004 2996772340
POLAK6,nomad_default,6,nomad_done:-1,455.0,,,none,True,1066942004 2996772340 86133791
POLAK6,nomad_default,7,nomad_done:1,524.0,,,none,True,2996772340 86133791 3042881956
POLAK6,nomad_default,8,nomad_done:1,575.0,,,none,True,86133791 3042881956 1313616534
POLAK6,nomad_default,9,nomad_done:1,546.0,,,none,True,3042881956 1313616534 646932915
POLAK6,nomad_default,10,nomad_done:1,555.0,,,none,True,1313616534 646932915 1705310046
POLAK6,zoagp,1,oracle_domain_failure,1855.0,308.0,,none,,
POLAK6,zominmax,1,oracle_domain_failure,7.0,2.0,,none,,
POLAK6,zominmax,2,oracle_domain_failure,7.0,2.0,,none,,
POLAK6,zominmax,3,oracle_domain_failure,369.0,183.0,,none,,
POLAK6,zominmax,4,oracle_domain_failure,7.0,2.0,,none,,
POLAK6,zominmax,5,oracle_domain_failure,37.0,17.0,,none,,
POLAK6,zominmax,6,oracle_domain_failure,47.0,22.0,,none,,
POLAK6,zominmax,7,oracle_domain_failure,377.0,187.0,,none,,
POLAK6,zominmax,8,oracle_domain_failure,17.0,7.0,,none,,
POLAK6,zominmax,9,oracle_domain_failure,2445.0,1221.0,,none,,
POLAK6,zominmax,10,oracle_domain_failure,15.0,6.0,,none,,
POLAK6,szo_conex,1,oracle_domain_failure,40267.0,2236.0,False,none,,
POLAK6,szo_conex,2,oracle_domain_failure,36415.0,2022.0,False,none,,
POLAK6,szo_conex,3,oracle_domain_failure,35641.0,1979.0,False,none,,
POLAK6,szo_conex,4,oracle_domain_failure,35101.0,1949.0,False,none,,
POLAK6,szo_conex,5,oracle_domain_failure,37603.0,2088.0,False,none,,
POLAK6,szo_conex,6,oracle_domain_failure,33913.0,1883.0,False,none,,
POLAK6,szo_conex,7,oracle_domain_failure,32833.0,1823.0,False,none,,
POLAK6,szo_conex,8,oracle_domain_failure,35317.0,1961.0,False,none,,
POLAK6,szo_conex,9,oracle_domain_failure,24661.0,1369.0,False,none,,
POLAK6,szo_conex,10,oracle_domain_failure,40177.0,2231.0,False,none,,
CRESC4,zob_sgda,1,completed,49998.0,,,none,,
CRESC4,zob_sgda,2,completed,49998.0,,,none,,
CRESC4,zob_sgda,3,completed,49998.0,,,none,,
CRESC4,zob_sgda,4,completed,49998.0,,,none,,
CRESC4,zob_sgda,5,completed,49998.0,,,none,,
CRESC4,zob_sgda,6,completed,49998.0,,,none,,
CRESC4,zob_sgda,7,completed,49998.0,,,none,,
CRESC4,zob_sgda,8,completed,49998.0,,,none,,
CRESC4,zob_sgda,9,completed,49998.0,,,none,,
CRESC4,zob_sgda,10,completed,49998.0,,,none,,
CRESC4,zob_gda,1,completed,49996.0,,,none,,
CRESC4,zob_gda,2,completed,49996.0,,,none,,
CRESC4,zob_gda,3,completed,49996.0,,,none,,
CRESC4,zob_gda,4,completed,49996.0,,,none,,
CRESC4,zob_gda,5,completed,49996.0,,,none,,
CRESC4,zob_gda,6,completed,49996.0,,,none,,
CRESC4,zob_gda,7,completed,49996.0,,,none,,
CRESC4,zob_gda,8,completed,49996.0,,,none,,
CRESC4,zob_gda,9,completed,49996.0,,,none,,
CRESC4,zob_gda,10,completed,49996.0,,,none,,
CRESC4,nomad_default,1,nomad_done:1,517.0,,,high_precision_posthoc,True,362436069 521288629 1588437975
CRESC4,nomad_default,2,nomad_done:1,,,,none,True,521288629 1588437975 2268752316
CRESC4,nomad_default,3,nomad_done:1,1819.0,,,none,True,1588437975 2268752316 3071397075
CRESC4,nomad_default,4,nomad_done:-1,430.0,,,none,True,2268752316 3071397075 1066942004
CRESC4,nomad_default,5,nomad_done:1,1079.0,,,none,True,3071397075 1066942004 2996772340
CRESC4,nomad_default,6,nomad_done:-1,430.0,,,none,True,1066942004 2996772340 86133791
CRESC4,nomad_default,7,nomad_done:1,1079.0,,,none,True,2996772340 86133791 3042881956
CRESC4,nomad_default,8,nomad_done:1,1073.0,,,none,True,86133791 3042881956 1313616534
CRESC4,nomad_default,9,nomad_done:1,657.0,,,none,True,3042881956 1313616534 646932915
CRESC4,nomad_default,10,nomad_done:1,595.0,,,high_precision_posthoc,True,1313616534 646932915 1705310046
CRESC4,zoagp,1,query_limit,49995.0,7142.0,,none,,
CRESC4,zominmax,1,query_limit,49999.0,24999.0,,none,,
CRESC4,zominmax,2,oracle_domain_failure,9704.0,4851.0,,none,,
CRESC4,zominmax,3,query_limit,49999.0,24999.0,,none,,
CRESC4,zominmax,4,query_limit,49999.0,24999.0,,none,,
CRESC4,zominmax,5,query_limit,49999.0,24999.0,,none,,
CRESC4,zominmax,6,query_limit,49999.0,24999.0,,none,,
CRESC4,zominmax,7,query_limit,49999.0,24999.0,,none,,
CRESC4,zominmax,8,query_limit,49999.0,24999.0,,none,,
CRESC4,zominmax,9,query_limit,49999.0,24999.0,,none,,
CRESC4,zominmax,10,oracle_domain_failure,35056.0,17527.0,,none,,
CRESC4,szo_conex,1,query_limit,49982.0,1470.0,True,none,,
CRESC4,szo_conex,2,query_limit,49982.0,1470.0,True,none,,
CRESC4,szo_conex,3,query_limit,49982.0,1470.0,True,none,,
CRESC4,szo_conex,4,query_limit,49982.0,1470.0,True,none,,
CRESC4,szo_conex,5,query_limit,49982.0,1470.0,True,none,,
CRESC4,szo_conex,6,query_limit,49982.0,1470.0,True,none,,
CRESC4,szo_conex,7,query_limit,49982.0,1470.0,True,none,,
CRESC4,szo_conex,8,query_limit,49982.0,1470.0,True,none,,
CRESC4,szo_conex,9,query_limit,49982.0,1470.0,True,none,,
CRESC4,szo_conex,10,query_limit,49982.0,1470.0,True,none,,
HALDMADS,zob_sgda,1,completed,49998.0,,,none,,
HALDMADS,zob_sgda,2,completed,49998.0,,,none,,
HALDMADS,zob_sgda,3,completed,49998.0,,,none,,
HALDMADS,zob_sgda,4,completed,49998.0,,,none,,
HALDMADS,zob_sgda,5,completed,49998.0,,,none,,
HALDMADS,zob_sgda,6,completed,49998.0,,,none,,
HALDMADS,zob_sgda,7,completed,49998.0,,,none,,
HALDMADS,zob_sgda,8,completed,49998.0,,,none,,
HALDMADS,zob_sgda,9,completed,49998.0,,,none,,
HALDMADS,zob_sgda,10,completed,49998.0,,,none,,
HALDMADS,zob_gda,1,completed,49996.0,,,none,,
HALDMADS,zob_gda,2,completed,49996.0,,,none,,
HALDMADS,zob_gda,3,completed,49996.0,,,none,,
HALDMADS,zob_gda,4,completed,49996.0,,,none,,
HALDMADS,zob_gda,5,completed,49996.0,,,none,,
HALDMADS,zob_gda,6,completed,49996.0,,,none,,
HALDMADS,zob_gda,7,completed,49996.0,,,none,,
HALDMADS,zob_gda,8,completed,49996.0,,,none,,
HALDMADS,zob_gda,9,completed,49996.0,,,none,,
HALDMADS,zob_gda,10,completed,49996.0,,,none,,
HALDMADS,nomad_default,1,nomad_done:1,8549.0,,,none,True,362436069 521288629 1588437975
HALDMADS,nomad_default,2,nomad_done:1,2435.0,,,none,True,521288629 1588437975 2268752316
HALDMADS,nomad_default,3,nomad_done:1,2522.0,,,none,True,1588437975 2268752316 3071397075
HALDMADS,nomad_default,4,nomad_done:1,2022.0,,,none,True,2268752316 3071397075 1066942004
HALDMADS,nomad_default,5,nomad_done:1,4395.0,,,none,True,3071397075 1066942004 2996772340
HALDMADS,nomad_default,6,nomad_done:1,2022.0,,,none,True,1066942004 2996772340 86133791
HALDMADS,nomad_default,7,nomad_done:1,4395.0,,,none,True,2996772340 86133791 3042881956
HALDMADS,nomad_default,8,nomad_done:1,3225.0,,,none,True,86133791 3042881956 1313616534
HALDMADS,nomad_default,9,nomad_done:1,8987.0,,,none,True,3042881956 1313616534 646932915
HALDMADS,nomad_default,10,nomad_done:1,7887.0,,,none,True,1313616534 646932915 1705310046
HALDMADS,zoagp,1,query_limit,49995.0,7142.0,,none,,
HALDMADS,zominmax,1,query_limit,49999.0,24999.0,,none,,
HALDMADS,zominmax,2,query_limit,49999.0,24999.0,,none,,
HALDMADS,zominmax,3,query_limit,49999.0,24999.0,,none,,
HALDMADS,zominmax,4,query_limit,49999.0,24999.0,,none,,
HALDMADS,zominmax,5,query_limit,49999.0,24999.0,,none,,
HALDMADS,zominmax,6,query_limit,49999.0,24999.0,,none,,
HALDMADS,zominmax,7,query_limit,49999.0,24999.0,,none,,
HALDMADS,zominmax,8,query_limit,49999.0,24999.0,,none,,
HALDMADS,zominmax,9,query_limit,49999.0,24999.0,,none,,
HALDMADS,zominmax,10,query_limit,49999.0,24999.0,,none,,
HALDMADS,szo_conex,1,query_limit,49982.0,294.0,True,none,,
HALDMADS,szo_conex,2,query_limit,49982.0,294.0,True,none,,
HALDMADS,szo_conex,3,query_limit,49982.0,294.0,True,none,,
HALDMADS,szo_conex,4,query_limit,49982.0,294.0,True,none,,
HALDMADS,szo_conex,5,query_limit,49982.0,294.0,True,none,,
HALDMADS,szo_conex,6,query_limit,49982.0,294.0,True,none,,
HALDMADS,szo_conex,7,query_limit,49982.0,294.0,True,none,,
HALDMADS,szo_conex,8,query_limit,49982.0,294.0,True,none,,
HALDMADS,szo_conex,9,query_limit,49982.0,294.0,True,none,,
HALDMADS,szo_conex,10,query_limit,49982.0,294.0,True,none,,
MATRIX2,zob_sgda,1,completed,49998.0,,,none,,
MATRIX2,zob_sgda,2,completed,49998.0,,,none,,
MATRIX2,zob_sgda,3,completed,49998.0,,,none,,
MATRIX2,zob_sgda,4,completed,49998.0,,,none,,
MATRIX2,zob_sgda,5,completed,49998.0,,,none,,
MATRIX2,zob_sgda,6,completed,49998.0,,,none,,
MATRIX2,zob_sgda,7,completed,49998.0,,,none,,
MATRIX2,zob_sgda,8,completed,49998.0,,,none,,
MATRIX2,zob_sgda,9,completed,49998.0,,,none,,
MATRIX2,zob_sgda,10,completed,49998.0,,,none,,
MATRIX2,zob_gda,1,completed,49996.0,,,none,,
MATRIX2,zob_gda,2,completed,49996.0,,,none,,
MATRIX2,zob_gda,3,completed,49996.0,,,none,,
MATRIX2,zob_gda,4,completed,49996.0,,,none,,
MATRIX2,zob_gda,5,completed,49996.0,,,none,,
MATRIX2,zob_gda,6,completed,49996.0,,,none,,
MATRIX2,zob_gda,7,completed,49996.0,,,none,,
MATRIX2,zob_gda,8,completed,49996.0,,,none,,
MATRIX2,zob_gda,9,completed,49996.0,,,none,,
MATRIX2,zob_gda,10,completed,49996.0,,,none,,
MATRIX2,nomad_default,1,nomad_done:1,702.0,,,none,True,362436069 521288629 1588437975
MATRIX2,nomad_default,2,nomad_done:1,2183.0,,,none,True,521288629 1588437975 2268752316
MATRIX2,nomad_default,3,nomad_done:1,735.0,,,none,True,1588437975 2268752316 3071397075
MATRIX2,nomad_default,4,nomad_done:1,1293.0,,,none,True,2268752316 3071397075 1066942004
MATRIX2,nomad_default,5,nomad_done:1,673.0,,,none,True,3071397075 1066942004 2996772340
MATRIX2,nomad_default,6,nomad_done:1,1293.0,,,none,True,1066942004 2996772340 86133791
MATRIX2,nomad_default,7,nomad_done:1,673.0,,,none,True,2996772340 86133791 3042881956
MATRIX2,nomad_default,8,nomad_done:1,682.0,,,none,True,86133791 3042881956 1313616534
MATRIX2,nomad_default,9,nomad_done:1,719.0,,,none,True,3042881956 1313616534 646932915
MATRIX2,nomad_default,10,nomad_done:1,682.0,,,none,True,1313616534 646932915 1705310046
MATRIX2,zoagp,1,query_limit,49995.0,7142.0,,none,,
MATRIX2,zominmax,1,query_limit,49999.0,24999.0,,none,,
MATRIX2,zominmax,2,query_limit,49999.0,24999.0,,none,,
MATRIX2,zominmax,3,query_limit,49999.0,24999.0,,none,,
MATRIX2,zominmax,4,query_limit,49999.0,24999.0,,none,,
MATRIX2,zominmax,5,query_limit,49999.0,24999.0,,none,,
MATRIX2,zominmax,6,query_limit,49999.0,24999.0,,none,,
MATRIX2,zominmax,7,query_limit,49999.0,24999.0,,none,,
MATRIX2,zominmax,8,query_limit,49999.0,24999.0,,none,,
MATRIX2,zominmax,9,query_limit,49999.0,24999.0,,none,,
MATRIX2,zominmax,10,query_limit,49999.0,24999.0,,none,,
MATRIX2,szo_conex,1,query_limit,49992.0,4999.0,True,none,,
MATRIX2,szo_conex,2,query_limit,49992.0,4999.0,True,none,,
MATRIX2,szo_conex,3,query_limit,49992.0,4999.0,True,none,,
MATRIX2,szo_conex,4,query_limit,49992.0,4999.0,True,none,,
MATRIX2,szo_conex,5,query_limit,49992.0,4999.0,True,none,,
MATRIX2,szo_conex,6,query_limit,49992.0,4999.0,True,none,,
MATRIX2,szo_conex,7,query_limit,49992.0,4999.0,True,none,,
MATRIX2,szo_conex,8,query_limit,49992.0,4999.0,True,none,,
MATRIX2,szo_conex,9,query_limit,49992.0,4999.0,True,none,,
MATRIX2,szo_conex,10,query_limit,49992.0,4999.0,True,none,,
PENTAGON,zob_sgda,1,completed,49998.0,,,none,,
PENTAGON,zob_sgda,2,completed,49998.0,,,none,,
PENTAGON,zob_sgda,3,completed,49998.0,,,none,,
PENTAGON,zob_sgda,4,completed,49998.0,,,none,,
PENTAGON,zob_sgda,5,completed,49998.0,,,none,,
PENTAGON,zob_sgda,6,completed,49998.0,,,none,,
PENTAGON,zob_sgda,7,completed,49998.0,,,none,,
PENTAGON,zob_sgda,8,completed,49998.0,,,none,,
PENTAGON,zob_sgda,9,completed,49998.0,,,none,,
PENTAGON,zob_sgda,10,completed,49998.0,,,none,,
PENTAGON,zob_gda,1,completed,49996.0,,,none,,
PENTAGON,zob_gda,2,completed,49996.0,,,none,,
PENTAGON,zob_gda,3,completed,49996.0,,,none,,
PENTAGON,zob_gda,4,completed,49996.0,,,none,,
PENTAGON,zob_gda,5,completed,49996.0,,,none,,
PENTAGON,zob_gda,6,completed,49996.0,,,none,,
PENTAGON,zob_gda,7,completed,49996.0,,,none,,
PENTAGON,zob_gda,8,completed,49996.0,,,none,,
PENTAGON,zob_gda,9,completed,49996.0,,,none,,
PENTAGON,zob_gda,10,completed,49996.0,,,none,,
PENTAGON,nomad_default,1,nomad_done:1,735.0,,,none,True,362436069 521288629 1588437975
PENTAGON,nomad_default,2,nomad_done:1,736.0,,,none,True,521288629 1588437975 2268752316
PENTAGON,nomad_default,3,nomad_done:1,787.0,,,none,True,1588437975 2268752316 3071397075
PENTAGON,nomad_default,4,nomad_done:1,823.0,,,none,True,2268752316 3071397075 1066942004
PENTAGON,nomad_default,5,nomad_done:1,832.0,,,none,True,3071397075 1066942004 2996772340
PENTAGON,nomad_default,6,nomad_done:1,823.0,,,none,True,1066942004 2996772340 86133791
PENTAGON,nomad_default,7,nomad_done:1,832.0,,,none,True,2996772340 86133791 3042881956
PENTAGON,nomad_default,8,nomad_done:1,784.0,,,none,True,86133791 3042881956 1313616534
PENTAGON,nomad_default,9,nomad_done:1,867.0,,,none,True,3042881956 1313616534 646932915
PENTAGON,nomad_default,10,nomad_done:1,790.0,,,none,True,1313616534 646932915 1705310046
PENTAGON,zoagp,1,query_limit,49995.0,7142.0,,none,,
PENTAGON,zominmax,1,query_limit,49999.0,24999.0,,none,,
PENTAGON,zominmax,2,query_limit,49999.0,24999.0,,none,,
PENTAGON,zominmax,3,query_limit,49999.0,24999.0,,none,,
PENTAGON,zominmax,4,query_limit,49999.0,24999.0,,none,,
PENTAGON,zominmax,5,query_limit,49999.0,24999.0,,none,,
PENTAGON,zominmax,6,query_limit,49999.0,24999.0,,none,,
PENTAGON,zominmax,7,query_limit,49999.0,24999.0,,none,,
PENTAGON,zominmax,8,query_limit,49999.0,24999.0,,none,,
PENTAGON,zominmax,9,query_limit,49999.0,24999.0,,none,,
PENTAGON,zominmax,10,query_limit,49999.0,24999.0,,none,,
PENTAGON,szo_conex,1,query_limit,49974.0,806.0,True,none,,
PENTAGON,szo_conex,2,query_limit,49974.0,806.0,True,none,,
PENTAGON,szo_conex,3,query_limit,49974.0,806.0,True,none,,
PENTAGON,szo_conex,4,query_limit,49974.0,806.0,True,none,,
PENTAGON,szo_conex,5,query_limit,49974.0,806.0,True,none,,
PENTAGON,szo_conex,6,query_limit,49974.0,806.0,True,none,,
PENTAGON,szo_conex,7,query_limit,49974.0,806.0,True,none,,
PENTAGON,szo_conex,8,query_limit,49974.0,806.0,True,none,,
PENTAGON,szo_conex,9,query_limit,49974.0,806.0,True,none,,
PENTAGON,szo_conex,10,query_limit,49974.0,806.0,True,none,,
HS100,zob_sgda,1,completed,49998.0,,,none,,
HS100,zob_sgda,2,completed,49998.0,,,none,,
HS100,zob_sgda,3,completed,49998.0,,,none,,
HS100,zob_sgda,4,completed,49998.0,,,none,,
HS100,zob_sgda,5,completed,49998.0,,,none,,
HS100,zob_sgda,6,completed,49998.0,,,none,,
HS100,zob_sgda,7,completed,49998.0,,,none,,
HS100,zob_sgda,8,completed,49998.0,,,none,,
HS100,zob_sgda,9,completed,49998.0,,,none,,
HS100,zob_sgda,10,completed,49998.0,,,none,,
HS100,zob_gda,1,completed,49996.0,,,none,,
HS100,zob_gda,2,completed,49996.0,,,none,,
HS100,zob_gda,3,completed,49996.0,,,none,,
HS100,zob_gda,4,completed,49996.0,,,none,,
HS100,zob_gda,5,completed,49996.0,,,none,,
HS100,zob_gda,6,completed,49996.0,,,none,,
HS100,zob_gda,7,completed,49996.0,,,none,,
HS100,zob_gda,8,completed,49996.0,,,none,,
HS100,zob_gda,9,completed,49996.0,,,none,,
HS100,zob_gda,10,completed,49996.0,,,none,,
HS100,nomad_default,1,nomad_done:1,1859.0,,,none,True,362436069 521288629 1588437975
HS100,nomad_default,2,nomad_done:1,1935.0,,,none,True,521288629 1588437975 2268752316
HS100,nomad_default,3,nomad_done:1,1821.0,,,none,True,1588437975 2268752316 3071397075
HS100,nomad_default,4,nomad_done:1,2149.0,,,none,True,2268752316 3071397075 1066942004
HS100,nomad_default,5,nomad_done:1,2173.0,,,none,True,3071397075 1066942004 2996772340
HS100,nomad_default,6,nomad_done:1,2149.0,,,none,True,1066942004 2996772340 86133791
HS100,nomad_default,7,nomad_done:1,2173.0,,,none,True,2996772340 86133791 3042881956
HS100,nomad_default,8,nomad_done:1,1647.0,,,none,True,86133791 3042881956 1313616534
HS100,nomad_default,9,nomad_done:1,2158.0,,,none,True,3042881956 1313616534 646932915
HS100,nomad_default,10,nomad_done:1,2243.0,,,none,True,1313616534 646932915 1705310046
HS100,zoagp,1,query_limit,49993.0,6249.0,,none,,
HS100,zominmax,1,query_limit,49999.0,24999.0,,none,,
HS100,zominmax,2,query_limit,49999.0,24999.0,,none,,
HS100,zominmax,3,query_limit,49999.0,24999.0,,none,,
HS100,zominmax,4,query_limit,49999.0,24999.0,,none,,
HS100,zominmax,5,query_limit,49999.0,24999.0,,none,,
HS100,zominmax,6,query_limit,49999.0,24999.0,,none,,
HS100,zominmax,7,query_limit,49999.0,24999.0,,none,,
HS100,zominmax,8,query_limit,49999.0,24999.0,,none,,
HS100,zominmax,9,query_limit,49999.0,24999.0,,none,,
HS100,zominmax,10,query_limit,49999.0,24999.0,,none,,
HS100,szo_conex,1,query_limit,49988.0,2777.0,True,none,,
HS100,szo_conex,2,query_limit,49988.0,2777.0,True,none,,
HS100,szo_conex,3,query_limit,49988.0,2777.0,True,none,,
HS100,szo_conex,4,query_limit,49988.0,2777.0,True,none,,
HS100,szo_conex,5,query_limit,49988.0,2777.0,True,none,,
HS100,szo_conex,6,query_limit,49988.0,2777.0,True,none,,
HS100,szo_conex,7,query_limit,49988.0,2777.0,True,none,,
HS100,szo_conex,8,query_limit,49988.0,2777.0,True,none,,
HS100,szo_conex,9,query_limit,49988.0,2777.0,True,none,,
HS100,szo_conex,10,query_limit,49988.0,2777.0,True,none,,
HS101,zob_sgda,1,completed,49998.0,,,none,,
HS101,zob_sgda,2,completed,49998.0,,,none,,
HS101,zob_sgda,3,completed,49998.0,,,none,,
HS101,zob_sgda,4,completed,49998.0,,,none,,
HS101,zob_sgda,5,completed,49998.0,,,none,,
HS101,zob_sgda,6,completed,49998.0,,,none,,
HS101,zob_sgda,7,completed,49998.0,,,none,,
HS101,zob_sgda,8,completed,49998.0,,,none,,
HS101,zob_sgda,9,completed,49998.0,,,none,,
HS101,zob_sgda,10,completed,49998.0,,,none,,
HS101,zob_gda,1,completed,49996.0,,,none,,
HS101,zob_gda,2,completed,49996.0,,,none,,
HS101,zob_gda,3,completed,49996.0,,,none,,
HS101,zob_gda,4,completed,49996.0,,,none,,
HS101,zob_gda,5,completed,49996.0,,,none,,
HS101,zob_gda,6,completed,49996.0,,,none,,
HS101,zob_gda,7,completed,49996.0,,,none,,
HS101,zob_gda,8,completed,49996.0,,,none,,
HS101,zob_gda,9,completed,49996.0,,,none,,
HS101,zob_gda,10,completed,49996.0,,,none,,
HS101,nomad_default,1,nomad_done:1,3769.0,,,none,True,362436069 521288629 1588437975
HS101,nomad_default,2,nomad_done:1,2242.0,,,none,True,521288629 1588437975 2268752316
HS101,nomad_default,3,nomad_done:1,2868.0,,,none,True,1588437975 2268752316 3071397075
HS101,nomad_default,4,nomad_done:1,2764.0,,,none,True,2268752316 3071397075 1066942004
HS101,nomad_default,5,nomad_done:1,12350.0,,,none,True,3071397075 1066942004 2996772340
HS101,nomad_default,6,nomad_done:1,2764.0,,,none,True,1066942004 2996772340 86133791
HS101,nomad_default,7,nomad_done:1,12350.0,,,none,True,2996772340 86133791 3042881956
HS101,nomad_default,8,nomad_done:1,4811.0,,,none,True,86133791 3042881956 1313616534
HS101,nomad_default,9,nomad_done:1,5035.0,,,none,True,3042881956 1313616534 646932915
HS101,nomad_default,10,nomad_done:1,7043.0,,,none,True,1313616534 646932915 1705310046
HS101,zoagp,1,query_limit,49993.0,6249.0,,none,,
HS101,zominmax,1,query_limit,49999.0,24999.0,,none,,
HS101,zominmax,2,query_limit,49999.0,24999.0,,none,,
HS101,zominmax,3,query_limit,49999.0,24999.0,,none,,
HS101,zominmax,4,query_limit,49999.0,24999.0,,none,,
HS101,zominmax,5,query_limit,49999.0,24999.0,,none,,
HS101,zominmax,6,query_limit,49999.0,24999.0,,none,,
HS101,zominmax,7,query_limit,49999.0,24999.0,,none,,
HS101,zominmax,8,query_limit,49999.0,24999.0,,none,,
HS101,zominmax,9,query_limit,49999.0,24999.0,,none,,
HS101,zominmax,10,query_limit,49999.0,24999.0,,none,,
HS101,szo_conex,1,oracle_domain_failure,17369.0,789.0,False,none,,
HS101,szo_conex,2,oracle_domain_failure,17168.0,780.0,False,none,,
HS101,szo_conex,3,oracle_domain_failure,17038.0,774.0,False,none,,
HS101,szo_conex,4,oracle_domain_failure,14561.0,661.0,False,none,,
HS101,szo_conex,5,oracle_domain_failure,17712.0,805.0,False,none,,
HS101,szo_conex,6,oracle_domain_failure,15625.0,710.0,False,none,,
HS101,szo_conex,7,oracle_domain_failure,14840.0,674.0,False,none,,
HS101,szo_conex,8,oracle_domain_failure,17118.0,778.0,False,none,,
HS101,szo_conex,9,oracle_domain_failure,16260.0,739.0,False,none,,
HS101,szo_conex,10,oracle_domain_failure,13471.0,612.0,False,none,,
HS106,zob_sgda,1,completed,49996.0,,,none,,
HS106,zob_sgda,2,completed,49996.0,,,none,,
HS106,zob_sgda,3,completed,49996.0,,,none,,
HS106,zob_sgda,4,completed,49996.0,,,none,,
HS106,zob_sgda,5,completed,49996.0,,,none,,
HS106,zob_sgda,6,completed,49996.0,,,none,,
HS106,zob_sgda,7,completed,49996.0,,,none,,
HS106,zob_sgda,8,completed,49996.0,,,none,,
HS106,zob_sgda,9,completed,49996.0,,,none,,
HS106,zob_sgda,10,completed,49996.0,,,none,,
HS106,zob_gda,1,completed,49996.0,,,none,,
HS106,zob_gda,2,completed,49996.0,,,none,,
HS106,zob_gda,3,completed,49996.0,,,none,,
HS106,zob_gda,4,completed,49996.0,,,none,,
HS106,zob_gda,5,completed,49996.0,,,none,,
HS106,zob_gda,6,completed,49996.0,,,none,,
HS106,zob_gda,7,completed,49996.0,,,none,,
HS106,zob_gda,8,completed,49996.0,,,none,,
HS106,zob_gda,9,completed,49996.0,,,none,,
HS106,zob_gda,10,completed,49996.0,,,none,,
HS106,nomad_default,1,nomad_done:1,5451.0,,,none,True,362436069 521288629 1588437975
HS106,nomad_default,2,nomad_done:1,8965.0,,,none,True,521288629 1588437975 2268752316
HS106,nomad_default,3,nomad_done:1,10282.0,,,none,True,1588437975 2268752316 3071397075
HS106,nomad_default,4,nomad_done:1,4250.0,,,none,True,2268752316 3071397075 1066942004
HS106,nomad_default,5,nomad_done:1,6347.0,,,none,True,3071397075 1066942004 2996772340
HS106,nomad_default,6,nomad_done:1,4250.0,,,none,True,1066942004 2996772340 86133791
HS106,nomad_default,7,nomad_done:1,6347.0,,,none,True,2996772340 86133791 3042881956
HS106,nomad_default,8,nomad_done:1,4635.0,,,none,True,86133791 3042881956 1313616534
HS106,nomad_default,9,nomad_done:1,9582.0,,,none,True,3042881956 1313616534 646932915
HS106,nomad_default,10,nomad_done:1,9843.0,,,none,True,1313616534 646932915 1705310046
HS106,zoagp,1,query_limit,49996.0,5555.0,,none,,
HS106,zominmax,1,query_limit,49999.0,24999.0,,none,,
HS106,zominmax,2,query_limit,49999.0,24999.0,,none,,
HS106,zominmax,3,query_limit,49999.0,24999.0,,none,,
HS106,zominmax,4,query_limit,49999.0,24999.0,,none,,
HS106,zominmax,5,query_limit,49999.0,24999.0,,none,,
HS106,zominmax,6,query_limit,49999.0,24999.0,,none,,
HS106,zominmax,7,query_limit,49999.0,24999.0,,none,,
HS106,zominmax,8,query_limit,49999.0,24999.0,,none,,
HS106,zominmax,9,query_limit,49999.0,24999.0,,none,,
HS106,zominmax,10,query_limit,49999.0,24999.0,,none,,
HS106,szo_conex,1,query_limit,50000.0,1923.0,True,none,,
HS106,szo_conex,2,query_limit,50000.0,1923.0,True,none,,
HS106,szo_conex,3,query_limit,50000.0,1923.0,True,none,,
HS106,szo_conex,4,query_limit,50000.0,1923.0,True,none,,
HS106,szo_conex,5,query_limit,50000.0,1923.0,True,none,,
HS106,szo_conex,6,query_limit,50000.0,1923.0,True,none,,
HS106,szo_conex,7,query_limit,50000.0,1923.0,True,none,,
HS106,szo_conex,8,query_limit,50000.0,1923.0,True,none,,
HS106,szo_conex,9,query_limit,50000.0,1923.0,True,none,,
HS106,szo_conex,10,query_limit,50000.0,1923.0,True,none,,
HS104,zob_sgda,1,completed,49996.0,,,none,,
HS104,zob_sgda,2,completed,49996.0,,,none,,
HS104,zob_sgda,3,completed,49996.0,,,none,,
HS104,zob_sgda,4,completed,49996.0,,,none,,
HS104,zob_sgda,5,completed,49996.0,,,none,,
HS104,zob_sgda,6,completed,49996.0,,,none,,
HS104,zob_sgda,7,completed,49996.0,,,none,,
HS104,zob_sgda,8,completed,49996.0,,,none,,
HS104,zob_sgda,9,completed,49996.0,,,none,,
HS104,zob_sgda,10,completed,49996.0,,,none,,
HS104,zob_gda,1,completed,49996.0,,,none,,
HS104,zob_gda,2,completed,49996.0,,,none,,
HS104,zob_gda,3,completed,49996.0,,,none,,
HS104,zob_gda,4,completed,49996.0,,,none,,
HS104,zob_gda,5,completed,49996.0,,,none,,
HS104,zob_gda,6,completed,49996.0,,,none,,
HS104,zob_gda,7,completed,49996.0,,,none,,
HS104,zob_gda,8,completed,49996.0,,,none,,
HS104,zob_gda,9,completed,49996.0,,,none,,
HS104,zob_gda,10,completed,49996.0,,,none,,
HS104,nomad_default,1,nomad_done:1,3117.0,,,none,True,362436069 521288629 1588437975
HS104,nomad_default,2,nomad_done:1,2423.0,,,none,True,521288629 1588437975 2268752316
HS104,nomad_default,3,nomad_done:1,2925.0,,,none,True,1588437975 2268752316 3071397075
HS104,nomad_default,4,nomad_done:1,2636.0,,,none,True,2268752316 3071397075 1066942004
HS104,nomad_default,5,nomad_done:1,6465.0,,,none,True,3071397075 1066942004 2996772340
HS104,nomad_default,6,nomad_done:1,,,,none,True,1066942004 2996772340 86133791
HS104,nomad_default,7,nomad_done:1,6465.0,,,none,True,2996772340 86133791 3042881956
HS104,nomad_default,8,nomad_done:1,2088.0,,,none,True,86133791 3042881956 1313616534
HS104,nomad_default,9,nomad_done:1,3574.0,,,none,True,3042881956 1313616534 646932915
HS104,nomad_default,10,nomad_done:1,2872.0,,,none,True,1313616534 646932915 1705310046
HS104,zoagp,1,query_limit,49996.0,5555.0,,none,,
HS104,zominmax,1,query_limit,49999.0,24999.0,,none,,
HS104,zominmax,2,query_limit,49999.0,24999.0,,none,,
HS104,zominmax,3,query_limit,49999.0,24999.0,,none,,
HS104,zominmax,4,query_limit,49999.0,24999.0,,none,,
HS104,zominmax,5,query_limit,49999.0,24999.0,,none,,
HS104,zominmax,6,query_limit,49999.0,24999.0,,none,,
HS104,zominmax,7,query_limit,49999.0,24999.0,,none,,
HS104,zominmax,8,query_limit,49999.0,24999.0,,none,,
HS104,zominmax,9,query_limit,49999.0,24999.0,,none,,
HS104,zominmax,10,query_limit,49999.0,24999.0,,none,,
HS104,szo_conex,1,query_limit,49986.0,2272.0,True,none,,
HS104,szo_conex,2,query_limit,49986.0,2272.0,True,none,,
HS104,szo_conex,3,query_limit,49986.0,2272.0,True,none,,
HS104,szo_conex,4,query_limit,49986.0,2272.0,True,none,,
HS104,szo_conex,5,query_limit,49986.0,2272.0,True,none,,
HS104,szo_conex,6,query_limit,49986.0,2272.0,True,none,,
HS104,szo_conex,7,query_limit,49986.0,2272.0,True,none,,
HS104,szo_conex,8,query_limit,49986.0,2272.0,True,none,,
HS104,szo_conex,9,query_limit,49986.0,2272.0,True,none,,
HS104,szo_conex,10,query_limit,49986.0,2272.0,True,none,,
HS108,zob_sgda,1,completed,49996.0,,,none,,
HS108,zob_sgda,2,completed,49996.0,,,none,,
HS108,zob_sgda,3,completed,49996.0,,,none,,
HS108,zob_sgda,4,completed,49996.0,,,none,,
HS108,zob_sgda,5,completed,49996.0,,,none,,
HS108,zob_sgda,6,completed,49996.0,,,none,,
HS108,zob_sgda,7,completed,49996.0,,,none,,
HS108,zob_sgda,8,completed,49996.0,,,none,,
HS108,zob_sgda,9,completed,49996.0,,,none,,
HS108,zob_sgda,10,completed,49996.0,,,none,,
HS108,zob_gda,1,completed,49996.0,,,none,,
HS108,zob_gda,2,completed,49996.0,,,none,,
HS108,zob_gda,3,completed,49996.0,,,none,,
HS108,zob_gda,4,completed,49996.0,,,none,,
HS108,zob_gda,5,completed,49996.0,,,none,,
HS108,zob_gda,6,completed,49996.0,,,none,,
HS108,zob_gda,7,completed,49996.0,,,none,,
HS108,zob_gda,8,completed,49996.0,,,none,,
HS108,zob_gda,9,completed,49996.0,,,none,,
HS108,zob_gda,10,completed,49996.0,,,none,,
HS108,nomad_default,1,nomad_done:-1,1219.0,,,none,True,362436069 521288629 1588437975
HS108,nomad_default,2,nomad_done:-1,1328.0,,,none,True,521288629 1588437975 2268752316
HS108,nomad_default,3,nomad_done:-1,1091.0,,,none,True,1588437975 2268752316 3071397075
HS108,nomad_default,4,nomad_done:-1,1240.0,,,none,True,2268752316 3071397075 1066942004
HS108,nomad_default,5,nomad_done:-1,1313.0,,,none,True,3071397075 1066942004 2996772340
HS108,nomad_default,6,nomad_done:-1,1240.0,,,none,True,1066942004 2996772340 86133791
HS108,nomad_default,7,nomad_done:-1,1313.0,,,none,True,2996772340 86133791 3042881956
HS108,nomad_default,8,nomad_done:-1,1184.0,,,none,True,86133791 3042881956 1313616534
HS108,nomad_default,9,nomad_done:-1,1413.0,,,none,True,3042881956 1313616534 646932915
HS108,nomad_default,10,nomad_done:-1,1221.0,,,none,True,1313616534 646932915 1705310046
HS108,zoagp,1,query_limit,49991.0,4999.0,,none,,
HS108,zominmax,1,query_limit,49999.0,24999.0,,none,,
HS108,zominmax,2,query_limit,49999.0,24999.0,,none,,
HS108,zominmax,3,query_limit,49999.0,24999.0,,none,,
HS108,zominmax,4,query_limit,49999.0,24999.0,,none,,
HS108,zominmax,5,query_limit,49999.0,24999.0,,none,,
HS108,zominmax,6,query_limit,49999.0,24999.0,,none,,
HS108,zominmax,7,query_limit,49999.0,24999.0,,none,,
HS108,zominmax,8,query_limit,49999.0,24999.0,,none,,
HS108,zominmax,9,query_limit,49999.0,24999.0,,none,,
HS108,zominmax,10,query_limit,49999.0,24999.0,,none,,
HS108,szo_conex,1,query_limit,49952.0,925.0,True,none,,
HS108,szo_conex,2,query_limit,49952.0,925.0,True,none,,
HS108,szo_conex,3,query_limit,49952.0,925.0,True,none,,
HS108,szo_conex,4,query_limit,49952.0,925.0,True,none,,
HS108,szo_conex,5,query_limit,49952.0,925.0,True,none,,
HS108,szo_conex,6,query_limit,49952.0,925.0,True,none,,
HS108,szo_conex,7,query_limit,49952.0,925.0,True,none,,
HS108,szo_conex,8,query_limit,49952.0,925.0,True,none,,
HS108,szo_conex,9,query_limit,49952.0,925.0,True,none,,
HS108,szo_conex,10,query_limit,49952.0,925.0,True,none,,
HS113,zob_sgda,1,completed,49996.0,,,none,,
HS113,zob_sgda,2,completed,49996.0,,,none,,
HS113,zob_sgda,3,completed,49996.0,,,none,,
HS113,zob_sgda,4,completed,49996.0,,,none,,
HS113,zob_sgda,5,completed,49996.0,,,none,,
HS113,zob_sgda,6,completed,49996.0,,,none,,
HS113,zob_sgda,7,completed,49996.0,,,none,,
HS113,zob_sgda,8,completed,49996.0,,,none,,
HS113,zob_sgda,9,completed,49996.0,,,none,,
HS113,zob_sgda,10,completed,49996.0,,,none,,
HS113,zob_gda,1,completed,49995.0,,,none,,
HS113,zob_gda,2,completed,49995.0,,,none,,
HS113,zob_gda,3,completed,49995.0,,,none,,
HS113,zob_gda,4,completed,49995.0,,,none,,
HS113,zob_gda,5,completed,49995.0,,,none,,
HS113,zob_gda,6,completed,49995.0,,,none,,
HS113,zob_gda,7,completed,49995.0,,,none,,
HS113,zob_gda,8,completed,49995.0,,,none,,
HS113,zob_gda,9,completed,49995.0,,,none,,
HS113,zob_gda,10,completed,49995.0,,,none,,
HS113,nomad_default,1,nomad_done:1,,,,none,True,362436069 521288629 1588437975
HS113,nomad_default,2,nomad_done:1,2696.0,,,none,True,521288629 1588437975 2268752316
HS113,nomad_default,3,nomad_done:1,1988.0,,,none,True,1588437975 2268752316 3071397075
HS113,nomad_default,4,nomad_done:1,2219.0,,,none,True,2268752316 3071397075 1066942004
HS113,nomad_default,5,nomad_done:1,2197.0,,,none,True,3071397075 1066942004 2996772340
HS113,nomad_default,6,nomad_done:1,2219.0,,,none,True,1066942004 2996772340 86133791
HS113,nomad_default,7,nomad_done:1,2197.0,,,none,True,2996772340 86133791 3042881956
HS113,nomad_default,8,nomad_done:1,1620.0,,,none,True,86133791 3042881956 1313616534
HS113,nomad_default,9,nomad_done:1,2333.0,,,none,True,3042881956 1313616534 646932915
HS113,nomad_default,10,nomad_done:1,2109.0,,,none,True,1313616534 646932915 1705310046
HS113,zoagp,1,query_limit,49996.0,4545.0,,none,,
HS113,zominmax,1,query_limit,49999.0,24999.0,,none,,
HS113,zominmax,2,query_limit,49999.0,24999.0,,none,,
HS113,zominmax,3,query_limit,49999.0,24999.0,,none,,
HS113,zominmax,4,query_limit,49999.0,24999.0,,none,,
HS113,zominmax,5,query_limit,49999.0,24999.0,,none,,
HS113,zominmax,6,query_limit,49999.0,24999.0,,none,,
HS113,zominmax,7,query_limit,49999.0,24999.0,,none,,
HS113,zominmax,8,query_limit,49999.0,24999.0,,none,,
HS113,zominmax,9,query_limit,49999.0,24999.0,,none,,
HS113,zominmax,10,query_limit,49999.0,24999.0,,none,,
HS113,szo_conex,1,query_limit,49982.0,1470.0,True,none,,
HS113,szo_conex,2,query_limit,49982.0,1470.0,True,none,,
HS113,szo_conex,3,query_limit,49982.0,1470.0,True,none,,
HS113,szo_conex,4,query_limit,49982.0,1470.0,True,none,,
HS113,szo_conex,5,query_limit,49982.0,1470.0,True,none,,
HS113,szo_conex,6,query_limit,49982.0,1470.0,True,none,,
HS113,szo_conex,7,query_limit,49982.0,1470.0,True,none,,
HS113,szo_conex,8,query_limit,49982.0,1470.0,True,none,,
HS113,szo_conex,9,query_limit,49982.0,1470.0,True,none,,
HS113,szo_conex,10,query_limit,49982.0,1470.0,True,none,,
POLAK3,zob_sgda,1,completed,49996.0,,,none,,
POLAK3,zob_sgda,2,completed,49996.0,,,none,,
POLAK3,zob_sgda,3,completed,49996.0,,,none,,
POLAK3,zob_sgda,4,completed,49996.0,,,none,,
POLAK3,zob_sgda,5,completed,49996.0,,,none,,
POLAK3,zob_sgda,6,completed,49996.0,,,none,,
POLAK3,zob_sgda,7,completed,49996.0,,,none,,
POLAK3,zob_sgda,8,completed,49996.0,,,none,,
POLAK3,zob_sgda,9,completed,49996.0,,,none,,
POLAK3,zob_sgda,10,completed,49996.0,,,none,,
POLAK3,zob_gda,1,completed,49995.0,,,none,,
POLAK3,zob_gda,2,completed,49995.0,,,none,,
POLAK3,zob_gda,3,completed,49995.0,,,none,,
POLAK3,zob_gda,4,completed,49995.0,,,none,,
POLAK3,zob_gda,5,completed,49995.0,,,none,,
POLAK3,zob_gda,6,completed,49995.0,,,none,,
POLAK3,zob_gda,7,completed,49995.0,,,none,,
POLAK3,zob_gda,8,completed,49995.0,,,none,,
POLAK3,zob_gda,9,completed,49995.0,,,none,,
POLAK3,zob_gda,10,completed,49995.0,,,none,,
POLAK3,nomad_default,1,nomad_done:1,811.0,,,none,True,362436069 521288629 1588437975
POLAK3,nomad_default,2,nomad_done:1,806.0,,,none,True,521288629 1588437975 2268752316
POLAK3,nomad_default,3,nomad_done:1,813.0,,,none,True,1588437975 2268752316 3071397075
POLAK3,nomad_default,4,nomad_done:1,817.0,,,none,True,2268752316 3071397075 1066942004
POLAK3,nomad_default,5,nomad_done:-1,695.0,,,none,True,3071397075 1066942004 2996772340
POLAK3,nomad_default,6,nomad_done:1,817.0,,,none,True,1066942004 2996772340 86133791
POLAK3,nomad_default,7,nomad_done:-1,695.0,,,none,True,2996772340 86133791 3042881956
POLAK3,nomad_default,8,nomad_done:1,817.0,,,none,True,86133791 3042881956 1313616534
POLAK3,nomad_default,9,nomad_done:1,816.0,,,none,True,3042881956 1313616534 646932915
POLAK3,nomad_default,10,nomad_done:1,823.0,,,none,True,1313616534 646932915 1705310046
POLAK3,zoagp,1,oracle_domain_failure,1717.0,131.0,,none,,
POLAK3,zominmax,1,oracle_domain_failure,1241.0,619.0,,none,,
POLAK3,zominmax,2,oracle_domain_failure,49.0,23.0,,none,,
POLAK3,zominmax,3,oracle_domain_failure,1141.0,569.0,,none,,
POLAK3,zominmax,4,oracle_domain_failure,1199.0,598.0,,none,,
POLAK3,zominmax,5,oracle_domain_failure,1337.0,667.0,,none,,
POLAK3,zominmax,6,oracle_domain_failure,1367.0,682.0,,none,,
POLAK3,zominmax,7,oracle_domain_failure,1271.0,634.0,,none,,
POLAK3,zominmax,8,oracle_domain_failure,35.0,16.0,,none,,
POLAK3,zominmax,9,oracle_domain_failure,31.0,14.0,,none,,
POLAK3,zominmax,10,oracle_domain_failure,1111.0,554.0,,none,,
POLAK3,szo_conex,1,query_limit,49982.0,1190.0,True,none,,
POLAK3,szo_conex,2,query_limit,49982.0,1190.0,True,none,,
POLAK3,szo_conex,3,query_limit,49982.0,1190.0,True,none,,
POLAK3,szo_conex,4,query_limit,49982.0,1190.0,True,none,,
POLAK3,szo_conex,5,query_limit,49982.0,1190.0,True,none,,
POLAK3,szo_conex,6,query_limit,49982.0,1190.0,True,none,,
POLAK3,szo_conex,7,query_limit,49982.0,1190.0,True,none,,
POLAK3,szo_conex,8,query_limit,49982.0,1190.0,True,none,,
POLAK3,szo_conex,9,query_limit,49982.0,1190.0,True,none,,
POLAK3,szo_conex,10,query_limit,49982.0,1190.0,True,none,,
HS116,zob_sgda,1,completed,49996.0,,,none,,
HS116,zob_sgda,2,completed,49996.0,,,none,,
HS116,zob_sgda,3,completed,49996.0,,,none,,
HS116,zob_sgda,4,completed,49996.0,,,none,,
HS116,zob_sgda,5,completed,49996.0,,,none,,
HS116,zob_sgda,6,completed,49996.0,,,none,,
HS116,zob_sgda,7,completed,49996.0,,,none,,
HS116,zob_sgda,8,completed,49996.0,,,none,,
HS116,zob_sgda,9,completed,49996.0,,,none,,
HS116,zob_sgda,10,completed,49996.0,,,none,,
HS116,zob_gda,1,completed,49995.0,,,none,,
HS116,zob_gda,2,completed,49995.0,,,none,,
HS116,zob_gda,3,completed,49995.0,,,none,,
HS116,zob_gda,4,completed,49995.0,,,none,,
HS116,zob_gda,5,completed,49995.0,,,none,,
HS116,zob_gda,6,completed,49995.0,,,none,,
HS116,zob_gda,7,completed,49995.0,,,none,,
HS116,zob_gda,8,completed,49995.0,,,none,,
HS116,zob_gda,9,completed,49995.0,,,none,,
HS116,zob_gda,10,completed,49995.0,,,none,,
HS116,nomad_default,1,nomad_done:-4,28000.0,,,none,True,362436069 521288629 1588437975
HS116,nomad_default,2,nomad_done:1,13525.0,,,none,True,521288629 1588437975 2268752316
HS116,nomad_default,3,nomad_done:-4,34982.0,,,none,True,1588437975 2268752316 3071397075
HS116,nomad_default,4,nomad_done:-1,8478.0,,,none,True,2268752316 3071397075 1066942004
HS116,nomad_default,5,nomad_done:-4,25577.0,,,none,True,3071397075 1066942004 2996772340
HS116,nomad_default,6,nomad_done:-1,8478.0,,,none,True,1066942004 2996772340 86133791
HS116,nomad_default,7,nomad_done:-4,25654.0,,,none,True,2996772340 86133791 3042881956
HS116,nomad_default,8,nomad_done:1,17649.0,,,none,True,86133791 3042881956 1313616534
HS116,nomad_default,9,nomad_done:1,19441.0,,,none,True,3042881956 1313616534 646932915
HS116,nomad_default,10,nomad_done:-4,25478.0,,,none,True,1313616534 646932915 1705310046
HS116,zoagp,1,query_limit,49995.0,3571.0,,none,,
HS116,zominmax,1,query_limit,49999.0,24999.0,,none,,
HS116,zominmax,2,query_limit,49999.0,24999.0,,none,,
HS116,zominmax,3,query_limit,49999.0,24999.0,,none,,
HS116,zominmax,4,query_limit,49999.0,24999.0,,none,,
HS116,zominmax,5,query_limit,49999.0,24999.0,,none,,
HS116,zominmax,6,query_limit,49999.0,24999.0,,none,,
HS116,zominmax,7,query_limit,49999.0,24999.0,,none,,
HS116,zominmax,8,query_limit,49999.0,24999.0,,none,,
HS116,zominmax,9,query_limit,49999.0,24999.0,,none,,
HS116,zominmax,10,query_limit,49999.0,24999.0,,none,,
HS116,szo_conex,1,query_limit,49998.0,862.0,True,none,,
HS116,szo_conex,2,query_limit,49998.0,862.0,True,none,,
HS116,szo_conex,3,query_limit,49998.0,862.0,True,none,,
HS116,szo_conex,4,query_limit,49998.0,862.0,True,none,,
HS116,szo_conex,5,query_limit,49998.0,862.0,True,none,,
HS116,szo_conex,6,query_limit,49998.0,862.0,True,none,,
HS116,szo_conex,7,query_limit,49998.0,862.0,True,none,,
HS116,szo_conex,8,query_limit,49998.0,862.0,True,none,,
HS116,szo_conex,9,query_limit,49998.0,862.0,True,none,,
HS116,szo_conex,10,query_limit,49998.0,862.0,True,none,,
HAIFAS,zob_sgda,1,completed,49996.0,,,none,,
HAIFAS,zob_sgda,2,completed,49996.0,,,none,,
HAIFAS,zob_sgda,3,completed,49996.0,,,none,,
HAIFAS,zob_sgda,4,completed,49996.0,,,none,,
HAIFAS,zob_sgda,5,completed,49996.0,,,none,,
HAIFAS,zob_sgda,6,completed,49996.0,,,none,,
HAIFAS,zob_sgda,7,completed,49996.0,,,none,,
HAIFAS,zob_sgda,8,completed,49996.0,,,none,,
HAIFAS,zob_sgda,9,completed,49996.0,,,none,,
HAIFAS,zob_sgda,10,completed,49996.0,,,none,,
HAIFAS,zob_gda,1,completed,49995.0,,,none,,
HAIFAS,zob_gda,2,completed,49995.0,,,none,,
HAIFAS,zob_gda,3,completed,49995.0,,,none,,
HAIFAS,zob_gda,4,completed,49995.0,,,none,,
HAIFAS,zob_gda,5,completed,49995.0,,,none,,
HAIFAS,zob_gda,6,completed,49995.0,,,none,,
HAIFAS,zob_gda,7,completed,49995.0,,,none,,
HAIFAS,zob_gda,8,completed,49995.0,,,none,,
HAIFAS,zob_gda,9,completed,49995.0,,,none,,
HAIFAS,zob_gda,10,completed,49995.0,,,none,,
HAIFAS,nomad_default,1,nomad_done:1,2521.0,,,none,True,362436069 521288629 1588437975
HAIFAS,nomad_default,2,nomad_done:1,1747.0,,,none,True,521288629 1588437975 2268752316
HAIFAS,nomad_default,3,nomad_done:1,2848.0,,,none,True,1588437975 2268752316 3071397075
HAIFAS,nomad_default,4,nomad_done:1,2408.0,,,none,True,2268752316 3071397075 1066942004
HAIFAS,nomad_default,5,nomad_done:1,2037.0,,,none,True,3071397075 1066942004 2996772340
HAIFAS,nomad_default,6,nomad_done:1,2408.0,,,none,True,1066942004 2996772340 86133791
HAIFAS,nomad_default,7,nomad_done:1,2037.0,,,none,True,2996772340 86133791 3042881956
HAIFAS,nomad_default,8,nomad_done:1,2189.0,,,none,True,86133791 3042881956 1313616534
HAIFAS,nomad_default,9,nomad_done:1,2219.0,,,none,True,3042881956 1313616534 646932915
HAIFAS,nomad_default,10,nomad_done:1,1944.0,,,none,True,1313616534 646932915 1705310046
HAIFAS,zoagp,1,query_limit,49995.0,3571.0,,none,,
HAIFAS,zominmax,1,query_limit,49999.0,24999.0,,none,,
HAIFAS,zominmax,2,query_limit,49999.0,24999.0,,none,,
HAIFAS,zominmax,3,query_limit,49999.0,24999.0,,none,,
HAIFAS,zominmax,4,query_limit,49999.0,24999.0,,none,,
HAIFAS,zominmax,5,query_limit,49999.0,24999.0,,none,,
HAIFAS,zominmax,6,query_limit,49999.0,24999.0,,none,,
HAIFAS,zominmax,7,query_limit,49999.0,24999.0,,none,,
HAIFAS,zominmax,8,query_limit,49999.0,24999.0,,none,,
HAIFAS,zominmax,9,query_limit,49999.0,24999.0,,none,,
HAIFAS,zominmax,10,query_limit,49999.0,24999.0,,none,,
HAIFAS,szo_conex,1,query_limit,49972.0,1315.0,True,none,,
HAIFAS,szo_conex,2,query_limit,49972.0,1315.0,True,none,,
HAIFAS,szo_conex,3,query_limit,49972.0,1315.0,True,none,,
HAIFAS,szo_conex,4,query_limit,49972.0,1315.0,True,none,,
HAIFAS,szo_conex,5,query_limit,49972.0,1315.0,True,none,,
HAIFAS,szo_conex,6,query_limit,49972.0,1315.0,True,none,,
HAIFAS,szo_conex,7,query_limit,49972.0,1315.0,True,none,,
HAIFAS,szo_conex,8,query_limit,49972.0,1315.0,True,none,,
HAIFAS,szo_conex,9,query_limit,49972.0,1315.0,True,none,,
HAIFAS,szo_conex,10,query_limit,49972.0,1315.0,True,none,,
HS117,zob_sgda,1,completed,49996.0,,,none,,
HS117,zob_sgda,2,completed,49996.0,,,none,,
HS117,zob_sgda,3,completed,49996.0,,,none,,
HS117,zob_sgda,4,completed,49996.0,,,none,,
HS117,zob_sgda,5,completed,49996.0,,,none,,
HS117,zob_sgda,6,completed,49996.0,,,none,,
HS117,zob_sgda,7,completed,49996.0,,,none,,
HS117,zob_sgda,8,completed,49996.0,,,none,,
HS117,zob_sgda,9,completed,49996.0,,,none,,
HS117,zob_sgda,10,completed,49996.0,,,none,,
HS117,zob_gda,1,completed,49995.0,,,none,,
HS117,zob_gda,2,completed,49995.0,,,none,,
HS117,zob_gda,3,completed,49995.0,,,none,,
HS117,zob_gda,4,completed,49995.0,,,none,,
HS117,zob_gda,5,completed,49995.0,,,none,,
HS117,zob_gda,6,completed,49995.0,,,none,,
HS117,zob_gda,7,completed,49995.0,,,none,,
HS117,zob_gda,8,completed,49995.0,,,none,,
HS117,zob_gda,9,completed,49995.0,,,none,,
HS117,zob_gda,10,completed,49995.0,,,none,,
HS117,nomad_default,1,nomad_done:1,1023.0,,,none,True,362436069 521288629 1588437975
HS117,nomad_default,2,nomad_done:1,1157.0,,,none,True,521288629 1588437975 2268752316
HS117,nomad_default,3,nomad_done:1,3259.0,,,none,True,1588437975 2268752316 3071397075
HS117,nomad_default,4,nomad_done:1,1026.0,,,none,True,2268752316 3071397075 1066942004
HS117,nomad_default,5,nomad_done:1,1097.0,,,none,True,3071397075 1066942004 2996772340
HS117,nomad_default,6,nomad_done:1,1026.0,,,none,True,1066942004 2996772340 86133791
HS117,nomad_default,7,nomad_done:1,1097.0,,,none,True,2996772340 86133791 3042881956
HS117,nomad_default,8,nomad_done:1,1037.0,,,none,True,86133791 3042881956 1313616534
HS117,nomad_default,9,nomad_done:1,1080.0,,,none,True,3042881956 1313616534 646932915
HS117,nomad_default,10,nomad_done:1,1059.0,,,none,True,1313616534 646932915 1705310046
HS117,zoagp,1,query_limit,49985.0,3124.0,,none,,
HS117,zominmax,1,query_limit,49999.0,24999.0,,none,,
HS117,zominmax,2,query_limit,49999.0,24999.0,,none,,
HS117,zominmax,3,query_limit,49999.0,24999.0,,none,,
HS117,zominmax,4,query_limit,49999.0,24999.0,,none,,
HS117,zominmax,5,query_limit,49999.0,24999.0,,none,,
HS117,zominmax,6,query_limit,49999.0,24999.0,,none,,
HS117,zominmax,7,query_limit,49999.0,24999.0,,none,,
HS117,zominmax,8,query_limit,49999.0,24999.0,,none,,
HS117,zominmax,9,query_limit,49999.0,24999.0,,none,,
HS117,zominmax,10,query_limit,49999.0,24999.0,,none,,
HS117,szo_conex,1,query_limit,49986.0,2272.0,True,none,,
HS117,szo_conex,2,query_limit,49986.0,2272.0,True,none,,
HS117,szo_conex,3,query_limit,49986.0,2272.0,True,none,,
HS117,szo_conex,4,query_limit,49986.0,2272.0,True,none,,
HS117,szo_conex,5,query_limit,49986.0,2272.0,True,none,,
HS117,szo_conex,6,query_limit,49986.0,2272.0,True,none,,
HS117,szo_conex,7,query_limit,49986.0,2272.0,True,none,,
HS117,szo_conex,8,query_limit,49986.0,2272.0,True,none,,
HS117,szo_conex,9,query_limit,49986.0,2272.0,True,none,,
HS117,szo_conex,10,query_limit,49986.0,2272.0,True,none,,
MAKELA3,zob_sgda,1,completed,49995.0,,,none,,
MAKELA3,zob_sgda,2,completed,49995.0,,,none,,
MAKELA3,zob_sgda,3,completed,49995.0,,,none,,
MAKELA3,zob_sgda,4,completed,49995.0,,,none,,
MAKELA3,zob_sgda,5,completed,49995.0,,,none,,
MAKELA3,zob_sgda,6,completed,49995.0,,,none,,
MAKELA3,zob_sgda,7,completed,49995.0,,,none,,
MAKELA3,zob_sgda,8,completed,49995.0,,,none,,
MAKELA3,zob_sgda,9,completed,49995.0,,,none,,
MAKELA3,zob_sgda,10,completed,49995.0,,,none,,
MAKELA3,zob_gda,1,completed,49998.0,,,none,,
MAKELA3,zob_gda,2,completed,49998.0,,,none,,
MAKELA3,zob_gda,3,completed,49998.0,,,none,,
MAKELA3,zob_gda,4,completed,49998.0,,,none,,
MAKELA3,zob_gda,5,completed,49998.0,,,none,,
MAKELA3,zob_gda,6,completed,49998.0,,,none,,
MAKELA3,zob_gda,7,completed,49998.0,,,none,,
MAKELA3,zob_gda,8,completed,49998.0,,,none,,
MAKELA3,zob_gda,9,completed,49998.0,,,none,,
MAKELA3,zob_gda,10,completed,49998.0,,,none,,
MAKELA3,nomad_default,1,nomad_done:-4,35605.0,,,none,True,362436069 521288629 1588437975
MAKELA3,nomad_default,2,nomad_done:-4,33440.0,,,none,True,521288629 1588437975 2268752316
MAKELA3,nomad_default,3,nomad_done:-4,,,,none,True,1588437975 2268752316 3071397075
MAKELA3,nomad_default,4,nomad_done:-4,33164.0,,,none,True,2268752316 3071397075 1066942004
MAKELA3,nomad_default,5,nomad_done:-4,37184.0,,,none,True,3071397075 1066942004 2996772340
MAKELA3,nomad_default,6,nomad_done:-4,33180.0,,,none,True,1066942004 2996772340 86133791
MAKELA3,nomad_default,7,nomad_done:-4,37661.0,,,none,True,2996772340 86133791 3042881956
MAKELA3,nomad_default,8,nomad_done:-4,33779.0,,,none,True,86133791 3042881956 1313616534
MAKELA3,nomad_default,9,nomad_done:-4,37107.0,,,none,True,3042881956 1313616534 646932915
MAKELA3,nomad_default,10,nomad_done:-4,33414.0,,,none,True,1313616534 646932915 1705310046
MAKELA3,zoagp,1,query_limit,49985.0,2272.0,,none,,
MAKELA3,zominmax,1,query_limit,49999.0,24999.0,,none,,
MAKELA3,zominmax,2,query_limit,49999.0,24999.0,,none,,
MAKELA3,zominmax,3,query_limit,49999.0,24999.0,,none,,
MAKELA3,zominmax,4,query_limit,49999.0,24999.0,,none,,
MAKELA3,zominmax,5,query_limit,49999.0,24999.0,,none,,
MAKELA3,zominmax,6,query_limit,49999.0,24999.0,,none,,
MAKELA3,zominmax,7,query_limit,49999.0,24999.0,,none,,
MAKELA3,zominmax,8,query_limit,49999.0,24999.0,,none,,
MAKELA3,zominmax,9,query_limit,49999.0,24999.0,,none,,
MAKELA3,zominmax,10,query_limit,49999.0,24999.0,,none,,
MAKELA3,szo_conex,1,query_limit,49940.0,609.0,True,none,,
MAKELA3,szo_conex,2,query_limit,49940.0,609.0,True,none,,
MAKELA3,szo_conex,3,query_limit,49940.0,609.0,True,none,,
MAKELA3,szo_conex,4,query_limit,49940.0,609.0,True,none,,
MAKELA3,szo_conex,5,query_limit,49940.0,609.0,True,none,,
MAKELA3,szo_conex,6,query_limit,49940.0,609.0,True,none,,
MAKELA3,szo_conex,7,query_limit,49940.0,609.0,True,none,,
MAKELA3,szo_conex,8,query_limit,49940.0,609.0,True,none,,
MAKELA3,szo_conex,9,query_limit,49940.0,609.0,True,none,,
MAKELA3,szo_conex,10,query_limit,49940.0,609.0,True,none,,
OPTPRLOC,zob_sgda,1,completed,49998.0,,,none,,
OPTPRLOC,zob_sgda,2,completed,49998.0,,,none,,
OPTPRLOC,zob_sgda,3,completed,49998.0,,,none,,
OPTPRLOC,zob_sgda,4,completed,49998.0,,,none,,
OPTPRLOC,zob_sgda,5,completed,49998.0,,,none,,
OPTPRLOC,zob_sgda,6,completed,49998.0,,,none,,
OPTPRLOC,zob_sgda,7,completed,49998.0,,,none,,
OPTPRLOC,zob_sgda,8,completed,49998.0,,,none,,
OPTPRLOC,zob_sgda,9,completed,49998.0,,,none,,
OPTPRLOC,zob_sgda,10,completed,49998.0,,,none,,
OPTPRLOC,zob_gda,1,completed,49994.0,,,none,,
OPTPRLOC,zob_gda,2,completed,49994.0,,,none,,
OPTPRLOC,zob_gda,3,completed,49994.0,,,none,,
OPTPRLOC,zob_gda,4,completed,49994.0,,,none,,
OPTPRLOC,zob_gda,5,completed,49994.0,,,none,,
OPTPRLOC,zob_gda,6,completed,49994.0,,,none,,
OPTPRLOC,zob_gda,7,completed,49994.0,,,none,,
OPTPRLOC,zob_gda,8,completed,49994.0,,,none,,
OPTPRLOC,zob_gda,9,completed,49994.0,,,none,,
OPTPRLOC,zob_gda,10,completed,49994.0,,,none,,
OPTPRLOC,nomad_default,1,nomad_done:1,18004.0,,,none,True,362436069 521288629 1588437975
OPTPRLOC,nomad_default,2,nomad_done:1,21762.0,,,none,True,521288629 1588437975 2268752316
OPTPRLOC,nomad_default,3,nomad_done:-4,24507.0,,,none,True,1588437975 2268752316 3071397075
OPTPRLOC,nomad_default,4,nomad_done:-4,22688.0,,,none,True,2268752316 3071397075 1066942004
OPTPRLOC,nomad_default,5,nomad_done:1,21269.0,,,none,True,3071397075 1066942004 2996772340
OPTPRLOC,nomad_default,6,nomad_done:-4,23021.0,,,none,True,1066942004 2996772340 86133791
OPTPRLOC,nomad_default,7,nomad_done:1,21269.0,,,none,True,2996772340 86133791 3042881956
OPTPRLOC,nomad_default,8,nomad_done:1,22288.0,,,none,True,86133791 3042881956 1313616534
OPTPRLOC,nomad_default,9,nomad_done:1,21189.0,,,none,True,3042881956 1313616534 646932915
OPTPRLOC,nomad_default,10,nomad_done:1,18584.0,,,none,True,1313616534 646932915 1705310046
OPTPRLOC,zoagp,1,query_limit,49973.0,1612.0,,none,,
OPTPRLOC,zominmax,1,query_limit,49999.0,24999.0,,none,,
OPTPRLOC,zominmax,2,query_limit,49999.0,24999.0,,none,,
OPTPRLOC,zominmax,3,query_limit,49999.0,24999.0,,none,,
OPTPRLOC,zominmax,4,query_limit,49999.0,24999.0,,none,,
OPTPRLOC,zominmax,5,query_limit,49999.0,24999.0,,none,,
OPTPRLOC,zominmax,6,query_limit,49999.0,24999.0,,none,,
OPTPRLOC,zominmax,7,query_limit,49999.0,24999.0,,none,,
OPTPRLOC,zominmax,8,query_limit,49999.0,24999.0,,none,,
OPTPRLOC,zominmax,9,query_limit,49999.0,24999.0,,none,,
OPTPRLOC,zominmax,10,query_limit,49999.0,24999.0,,none,,
OPTPRLOC,szo_conex,1,query_limit,49900.0,409.0,True,none,,
OPTPRLOC,szo_conex,2,query_limit,49900.0,409.0,True,none,,
OPTPRLOC,szo_conex,3,query_limit,49900.0,409.0,True,none,,
OPTPRLOC,szo_conex,4,query_limit,49900.0,409.0,True,none,,
OPTPRLOC,szo_conex,5,query_limit,49900.0,409.0,True,none,,
OPTPRLOC,szo_conex,6,query_limit,49900.0,409.0,True,none,,
OPTPRLOC,szo_conex,7,query_limit,49900.0,409.0,True,none,,
OPTPRLOC,szo_conex,8,query_limit,49900.0,409.0,True,none,,
OPTPRLOC,szo_conex,9,query_limit,49900.0,409.0,True,none,,
OPTPRLOC,szo_conex,10,query_limit,49900.0,409.0,True,none,,
AIRPORT,zob_sgda,1,completed,84992.0,,,none,,
AIRPORT,zob_sgda,2,completed,84992.0,,,none,,
AIRPORT,zob_sgda,3,completed,84992.0,,,none,,
AIRPORT,zob_sgda,4,completed,84992.0,,,none,,
AIRPORT,zob_sgda,5,completed,84992.0,,,none,,
AIRPORT,zob_sgda,6,completed,84992.0,,,none,,
AIRPORT,zob_sgda,7,completed,84992.0,,,none,,
AIRPORT,zob_sgda,8,completed,84992.0,,,none,,
AIRPORT,zob_sgda,9,completed,84992.0,,,none,,
AIRPORT,zob_sgda,10,completed,84992.0,,,none,,
AIRPORT,zob_gda,1,completed,84997.0,,,none,,
AIRPORT,zob_gda,2,completed,84997.0,,,none,,
AIRPORT,zob_gda,3,completed,84997.0,,,none,,
AIRPORT,zob_gda,4,completed,84997.0,,,none,,
AIRPORT,zob_gda,5,completed,84997.0,,,none,,
AIRPORT,zob_gda,6,completed,84997.0,,,none,,
AIRPORT,zob_gda,7,completed,84997.0,,,none,,
AIRPORT,zob_gda,8,completed,84997.0,,,none,,
AIRPORT,zob_gda,9,completed,84997.0,,,none,,
AIRPORT,zob_gda,10,completed,84997.0,,,none,,
AIRPORT,nomad_default,1,nomad_done:-4,23328.0,,,none,True,362436069 521288629 1588437975
AIRPORT,nomad_default,2,nomad_done:-4,24102.0,,,none,True,521288629 1588437975 2268752316
AIRPORT,nomad_default,3,nomad_done:-4,26659.0,,,none,True,1588437975 2268752316 3071397075
AIRPORT,nomad_default,4,nomad_done:-4,22704.0,,,none,True,2268752316 3071397075 1066942004
AIRPORT,nomad_default,5,nomad_done:-4,21500.0,,,none,True,3071397075 1066942004 2996772340
AIRPORT,nomad_default,6,nomad_done:-4,22704.0,,,none,True,1066942004 2996772340 86133791
AIRPORT,nomad_default,7,nomad_done:-4,21668.0,,,none,True,2996772340 86133791 3042881956
AIRPORT,nomad_default,8,nomad_done:-4,22535.0,,,none,True,86133791 3042881956 1313616534
AIRPORT,nomad_default,9,nomad_done:-4,24669.0,,,none,True,3042881956 1313616534 646932915
AIRPORT,nomad_default,10,nomad_done:-4,26210.0,,,none,True,1313616534 646932915 1705310046
AIRPORT,zoagp,1,query_limit,84916.0,999.0,,none,,
AIRPORT,zominmax,1,query_limit,84999.0,42499.0,,none,,
AIRPORT,zominmax,2,query_limit,84999.0,42499.0,,none,,
AIRPORT,zominmax,3,query_limit,84999.0,42499.0,,none,,
AIRPORT,zominmax,4,query_limit,84999.0,42499.0,,none,,
AIRPORT,zominmax,5,query_limit,84999.0,42499.0,,none,,
AIRPORT,zominmax,6,query_limit,84999.0,42499.0,,none,,
AIRPORT,zominmax,7,query_limit,84999.0,42499.0,,none,,
AIRPORT,zominmax,8,query_limit,84999.0,42499.0,,none,,
AIRPORT,zominmax,9,query_limit,84999.0,42499.0,,none,,
AIRPORT,zominmax,10,query_limit,84999.0,42499.0,,none,,
AIRPORT,szo_conex,1,query_limit,84832.0,499.0,True,none,,
AIRPORT,szo_conex,2,query_limit,84832.0,499.0,True,none,,
AIRPORT,szo_conex,3,query_limit,84832.0,499.0,True,none,,
AIRPORT,szo_conex,4,query_limit,84832.0,499.0,True,none,,
AIRPORT,szo_conex,5,query_limit,84832.0,499.0,True,none,,
AIRPORT,szo_conex,6,query_limit,84832.0,499.0,True,none,,
AIRPORT,szo_conex,7,query_limit,84832.0,499.0,True,none,,
AIRPORT,szo_conex,8,query_limit,84832.0,499.0,True,none,,
AIRPORT,szo_conex,9,query_limit,84832.0,499.0,True,none,,
AIRPORT,szo_conex,10,query_limit,84832.0,499.0,True,none,,
HAIFAM,zob_sgda,1,completed,99999.0,,,none,,
HAIFAM,zob_sgda,2,completed,99999.0,,,none,,
HAIFAM,zob_sgda,3,completed,99999.0,,,none,,
HAIFAM,zob_sgda,4,completed,99999.0,,,none,,
HAIFAM,zob_sgda,5,completed,99999.0,,,none,,
HAIFAM,zob_sgda,6,completed,99999.0,,,none,,
HAIFAM,zob_sgda,7,completed,99999.0,,,none,,
HAIFAM,zob_sgda,8,completed,99999.0,,,none,,
HAIFAM,zob_sgda,9,completed,99999.0,,,none,,
HAIFAM,zob_sgda,10,completed,99999.0,,,none,,
HAIFAM,zob_gda,1,completed,99990.0,,,none,,
HAIFAM,zob_gda,2,completed,99990.0,,,none,,
HAIFAM,zob_gda,3,completed,99990.0,,,none,,
HAIFAM,zob_gda,4,completed,99990.0,,,none,,
HAIFAM,zob_gda,5,completed,99990.0,,,none,,
HAIFAM,zob_gda,6,completed,99990.0,,,none,,
HAIFAM,zob_gda,7,completed,99990.0,,,none,,
HAIFAM,zob_gda,8,completed,99990.0,,,none,,
HAIFAM,zob_gda,9,completed,99990.0,,,none,,
HAIFAM,zob_gda,10,completed,99990.0,,,none,,
HAIFAM,nomad_default,1,nomad_done:1,13024.0,,,none,True,362436069 521288629 1588437975
HAIFAM,nomad_default,2,nomad_done:1,7273.0,,,none,True,521288629 1588437975 2268752316
HAIFAM,nomad_default,3,nomad_done:1,9293.0,,,none,True,1588437975 2268752316 3071397075
HAIFAM,nomad_default,4,nomad_done:1,6669.0,,,none,True,2268752316 3071397075 1066942004
HAIFAM,nomad_default,5,nomad_done:1,7970.0,,,none,True,3071397075 1066942004 2996772340
HAIFAM,nomad_default,6,nomad_done:1,6669.0,,,none,True,1066942004 2996772340 86133791
HAIFAM,nomad_default,7,nomad_done:1,7970.0,,,none,True,2996772340 86133791 3042881956
HAIFAM,nomad_default,8,nomad_done:1,7287.0,,,none,True,86133791 3042881956 1313616534
HAIFAM,nomad_default,9,nomad_done:1,7914.0,,,none,True,3042881956 1313616534 646932915
HAIFAM,nomad_default,10,nomad_done:1,8522.0,,,none,True,1313616534 646932915 1705310046
HAIFAM,zoagp,1,query_limit,99901.0,999.0,,none,,
HAIFAM,zominmax,1,query_limit,99999.0,49999.0,,none,,
HAIFAM,zominmax,2,query_limit,99999.0,49999.0,,none,,
HAIFAM,zominmax,3,query_limit,99999.0,49999.0,,none,,
HAIFAM,zominmax,4,query_limit,99999.0,49999.0,,none,,
HAIFAM,zominmax,5,query_limit,99999.0,49999.0,,none,,
HAIFAM,zominmax,6,query_limit,99999.0,49999.0,,none,,
HAIFAM,zominmax,7,query_limit,99999.0,49999.0,,none,,
HAIFAM,zominmax,8,query_limit,99999.0,49999.0,,none,,
HAIFAM,zominmax,9,query_limit,99999.0,49999.0,,none,,
HAIFAM,zominmax,10,query_limit,99999.0,49999.0,,none,,
HAIFAM,szo_conex,1,query_limit,99934.0,166.0,True,none,,
HAIFAM,szo_conex,2,query_limit,99934.0,166.0,True,none,,
HAIFAM,szo_conex,3,query_limit,99934.0,166.0,True,none,,
HAIFAM,szo_conex,4,query_limit,99934.0,166.0,True,none,,
HAIFAM,szo_conex,5,query_limit,99934.0,166.0,True,none,,
HAIFAM,szo_conex,6,query_limit,99934.0,166.0,True,none,,
HAIFAM,szo_conex,7,query_limit,99934.0,166.0,True,none,,
HAIFAM,szo_conex,8,query_limit,99934.0,166.0,True,none,,
HAIFAM,szo_conex,9,query_limit,99934.0,166.0,True,none,,
HAIFAM,szo_conex,10,query_limit,99934.0,166.0,True,none,,
HIMMELBI,zob_sgda,1,completed,100998.0,,,none,,
HIMMELBI,zob_sgda,2,completed,100998.0,,,none,,
HIMMELBI,zob_sgda,3,completed,100998.0,,,none,,
HIMMELBI,zob_sgda,4,completed,100998.0,,,none,,
HIMMELBI,zob_sgda,5,completed,100998.0,,,none,,
HIMMELBI,zob_sgda,6,completed,100998.0,,,none,,
HIMMELBI,zob_sgda,7,completed,100998.0,,,none,,
HIMMELBI,zob_sgda,8,completed,100998.0,,,none,,
HIMMELBI,zob_sgda,9,completed,100998.0,,,none,,
HIMMELBI,zob_sgda,10,completed,100998.0,,,none,,
HIMMELBI,zob_gda,1,completed,100991.0,,,none,,
HIMMELBI,zob_gda,2,completed,100991.0,,,none,,
HIMMELBI,zob_gda,3,completed,100991.0,,,none,,
HIMMELBI,zob_gda,4,completed,100991.0,,,none,,
HIMMELBI,zob_gda,5,completed,100991.0,,,none,,
HIMMELBI,zob_gda,6,completed,100991.0,,,none,,
HIMMELBI,zob_gda,7,completed,100991.0,,,none,,
HIMMELBI,zob_gda,8,completed,100991.0,,,none,,
HIMMELBI,zob_gda,9,completed,100991.0,,,none,,
HIMMELBI,zob_gda,10,completed,100991.0,,,none,,
HIMMELBI,nomad_default,1,nomad_done:-4,23030.0,,,none,True,362436069 521288629 1588437975
HIMMELBI,nomad_default,2,nomad_done:-4,24290.0,,,none,True,521288629 1588437975 2268752316
HIMMELBI,nomad_default,3,nomad_done:-4,24287.0,,,none,True,1588437975 2268752316 3071397075
HIMMELBI,nomad_default,4,nomad_done:-4,25039.0,,,none,True,2268752316 3071397075 1066942004
HIMMELBI,nomad_default,5,nomad_done:-4,24422.0,,,none,True,3071397075 1066942004 2996772340
HIMMELBI,nomad_default,6,nomad_done:-4,25136.0,,,none,True,1066942004 2996772340 86133791
HIMMELBI,nomad_default,7,nomad_done:-4,24418.0,,,none,True,2996772340 86133791 3042881956
HIMMELBI,nomad_default,8,nomad_done:-4,22901.0,,,none,True,86133791 3042881956 1313616534
HIMMELBI,nomad_default,9,nomad_done:-4,26718.0,,,none,True,3042881956 1313616534 646932915
HIMMELBI,nomad_default,10,nomad_done:-4,25511.0,,,none,True,1313616534 646932915 1705310046
HIMMELBI,zoagp,1,query_limit,100900.0,999.0,,none,,
HIMMELBI,zominmax,1,query_limit,100999.0,50499.0,,none,,
HIMMELBI,zominmax,2,query_limit,100999.0,50499.0,,none,,
HIMMELBI,zominmax,3,query_limit,100999.0,50499.0,,none,,
HIMMELBI,zominmax,4,query_limit,100999.0,50499.0,,none,,
HIMMELBI,zominmax,5,query_limit,100999.0,50499.0,,none,,
HIMMELBI,zominmax,6,query_limit,100999.0,50499.0,,none,,
HIMMELBI,zominmax,7,query_limit,100999.0,50499.0,,none,,
HIMMELBI,zominmax,8,query_limit,100999.0,50499.0,,none,,
HIMMELBI,zominmax,9,query_limit,100999.0,50499.0,,none,,
HIMMELBI,zominmax,10,query_limit,100999.0,50499.0,,none,,
HIMMELBI,szo_conex,1,query_limit,100952.0,2019.0,True,none,,
HIMMELBI,szo_conex,2,query_limit,100952.0,2019.0,True,none,,
HIMMELBI,szo_conex,3,query_limit,100952.0,2019.0,True,none,,
HIMMELBI,szo_conex,4,query_limit,100952.0,2019.0,True,none,,
HIMMELBI,szo_conex,5,query_limit,100952.0,2019.0,True,none,,
HIMMELBI,szo_conex,6,query_limit,100952.0,2019.0,True,none,,
HIMMELBI,szo_conex,7,query_limit,100952.0,2019.0,True,none,,
HIMMELBI,szo_conex,8,query_limit,100952.0,2019.0,True,none,,
HIMMELBI,szo_conex,9,query_limit,100952.0,2019.0,True,none,,
HIMMELBI,szo_conex,10,query_limit,100952.0,2019.0,True,none,,
MADSSCHJ,zob_sgda,1,completed,201996.0,,,none,,
MADSSCHJ,zob_sgda,2,completed,201996.0,,,none,,
MADSSCHJ,zob_sgda,3,completed,201996.0,,,none,,
MADSSCHJ,zob_sgda,4,completed,201996.0,,,none,,
MADSSCHJ,zob_sgda,5,completed,201996.0,,,none,,
MADSSCHJ,zob_sgda,6,completed,201996.0,,,none,,
MADSSCHJ,zob_sgda,7,completed,201996.0,,,none,,
MADSSCHJ,zob_sgda,8,completed,201996.0,,,none,,
MADSSCHJ,zob_sgda,9,completed,201996.0,,,none,,
MADSSCHJ,zob_sgda,10,completed,201996.0,,,none,,
MADSSCHJ,zob_gda,1,completed,201984.0,,,none,,
MADSSCHJ,zob_gda,2,completed,201984.0,,,none,,
MADSSCHJ,zob_gda,3,completed,201984.0,,,none,,
MADSSCHJ,zob_gda,4,completed,201984.0,,,none,,
MADSSCHJ,zob_gda,5,completed,201984.0,,,none,,
MADSSCHJ,zob_gda,6,completed,201984.0,,,none,,
MADSSCHJ,zob_gda,7,completed,201984.0,,,none,,
MADSSCHJ,zob_gda,8,completed,201984.0,,,none,,
MADSSCHJ,zob_gda,9,completed,201984.0,,,none,,
MADSSCHJ,zob_gda,10,completed,201984.0,,,none,,
MADSSCHJ,nomad_default,1,hard_timeout,,,,none,True,362436069 521288629 1588437975
MADSSCHJ,nomad_default,2,hard_timeout,,,,none,True,521288629 1588437975 2268752316
MADSSCHJ,nomad_default,3,hard_timeout,,,,none,True,1588437975 2268752316 3071397075
MADSSCHJ,nomad_default,4,hard_timeout,,,,none,True,2268752316 3071397075 1066942004
MADSSCHJ,nomad_default,5,hard_timeout,,,,none,True,3071397075 1066942004 2996772340
MADSSCHJ,nomad_default,6,hard_timeout,,,,none,True,1066942004 2996772340 86133791
MADSSCHJ,nomad_default,7,hard_timeout,,,,none,True,2996772340 86133791 3042881956
MADSSCHJ,nomad_default,8,hard_timeout,,,,none,True,86133791 3042881956 1313616534
MADSSCHJ,nomad_default,9,hard_timeout,,,,none,True,3042881956 1313616534 646932915
MADSSCHJ,nomad_default,10,hard_timeout,,,,none,True,1313616534 646932915 1705310046
MADSSCHJ,zoagp,1,query_limit,201799.0,999.0,,none,,
MADSSCHJ,zominmax,1,query_limit,201999.0,100999.0,,none,,
MADSSCHJ,zominmax,2,query_limit,201999.0,100999.0,,none,,
MADSSCHJ,zominmax,3,query_limit,201999.0,100999.0,,none,,
MADSSCHJ,zominmax,4,query_limit,201999.0,100999.0,,none,,
MADSSCHJ,zominmax,5,query_limit,201999.0,100999.0,,none,,
MADSSCHJ,zominmax,6,query_limit,201999.0,100999.0,,none,,
MADSSCHJ,zominmax,7,query_limit,201999.0,100999.0,,none,,
MADSSCHJ,zominmax,8,query_limit,201999.0,100999.0,,none,,
MADSSCHJ,zominmax,9,query_limit,201999.0,100999.0,,none,,
MADSSCHJ,zominmax,10,query_limit,201999.0,100999.0,,none,,
MADSSCHJ,szo_conex,1,query_limit,200846.0,126.0,True,none,,
MADSSCHJ,szo_conex,2,query_limit,200846.0,126.0,True,none,,
MADSSCHJ,szo_conex,3,query_limit,200846.0,126.0,True,none,,
MADSSCHJ,szo_conex,4,query_limit,200846.0,126.0,True,none,,
MADSSCHJ,szo_conex,5,query_limit,200846.0,126.0,True,none,,
MADSSCHJ,szo_conex,6,query_limit,200846.0,126.0,True,none,,
MADSSCHJ,szo_conex,7,query_limit,200846.0,126.0,True,none,,
MADSSCHJ,szo_conex,8,query_limit,200846.0,126.0,True,none,,
MADSSCHJ,szo_conex,9,query_limit,200846.0,126.0,True,none,,
MADSSCHJ,szo_conex,10,query_limit,200846.0,126.0,True,none,,
HAIFAL,zob_sgda,1,time_limit,49620.0,,,none,,
HAIFAL,zob_sgda,2,time_limit,49260.0,,,none,,
HAIFAL,zob_sgda,3,time_limit,50565.0,,,none,,
HAIFAL,zob_sgda,4,time_limit,49035.0,,,none,,
HAIFAL,zob_sgda,5,time_limit,49320.0,,,none,,
HAIFAL,zob_sgda,6,time_limit,49080.0,,,none,,
HAIFAL,zob_sgda,7,time_limit,80745.0,,,none,,
HAIFAL,zob_sgda,8,time_limit,80220.0,,,none,,
HAIFAL,zob_sgda,9,time_limit,88560.0,,,none,,
HAIFAL,zob_sgda,10,time_limit,89085.0,,,none,,
HAIFAL,zob_gda,1,time_limit,52480.0,,,none,,
HAIFAL,zob_gda,2,time_limit,52080.0,,,none,,
HAIFAL,zob_gda,3,time_limit,53140.0,,,none,,
HAIFAL,zob_gda,4,time_limit,53180.0,,,none,,
HAIFAL,zob_gda,5,time_limit,53040.0,,,none,,
HAIFAL,zob_gda,6,time_limit,53680.0,,,none,,
HAIFAL,zob_gda,7,time_limit,54680.0,,,none,,
HAIFAL,zob_gda,8,time_limit,55540.0,,,none,,
HAIFAL,zob_gda,9,time_limit,55180.0,,,none,,
HAIFAL,zob_gda,10,time_limit,54940.0,,,none,,
HAIFAL,nomad_default,1,hard_timeout,,,,none,True,362436069 521288629 1588437975
HAIFAL,nomad_default,2,hard_timeout,,,,none,True,521288629 1588437975 2268752316
HAIFAL,nomad_default,3,hard_timeout,,,,none,True,1588437975 2268752316 3071397075
HAIFAL,nomad_default,4,hard_timeout,,,,none,True,2268752316 3071397075 1066942004
HAIFAL,nomad_default,5,hard_timeout,,,,none,True,3071397075 1066942004 2996772340
HAIFAL,nomad_default,6,hard_timeout,,,,none,True,1066942004 2996772340 86133791
HAIFAL,nomad_default,7,hard_timeout,,,,none,True,2996772340 86133791 3042881956
HAIFAL,nomad_default,8,hard_timeout,,,,none,True,86133791 3042881956 1313616534
HAIFAL,nomad_default,9,hard_timeout,,,,none,True,3042881956 1313616534 646932915
HAIFAL,nomad_default,10,hard_timeout,,,,none,True,1313616534 646932915 1705310046
HAIFAL,zoagp,1,query_limit,99761.0,290.0,,none,,
HAIFAL,zominmax,1,query_limit,99999.0,49999.0,,none,,
HAIFAL,zominmax,2,query_limit,99999.0,49999.0,,none,,
HAIFAL,zominmax,3,query_limit,99999.0,49999.0,,none,,
HAIFAL,zominmax,4,query_limit,99999.0,49999.0,,none,,
HAIFAL,zominmax,5,query_limit,99999.0,49999.0,,none,,
HAIFAL,zominmax,6,query_limit,99999.0,49999.0,,none,,
HAIFAL,zominmax,7,time_limit,88070.0,44034.0,,none,,
HAIFAL,zominmax,8,time_limit,88073.0,44036.0,,none,,
HAIFAL,zominmax,9,time_limit,84288.0,42143.0,,none,,
HAIFAL,zominmax,10,time_limit,84078.0,42038.0,,none,,
HAIFAL,szo_conex,1,query_limit,71670.0,2.0,True,none,,
HAIFAL,szo_conex,2,query_limit,71670.0,2.0,True,none,,
HAIFAL,szo_conex,3,query_limit,71670.0,2.0,True,none,,
HAIFAL,szo_conex,4,query_limit,71670.0,2.0,True,none,,
HAIFAL,szo_conex,5,query_limit,71670.0,2.0,True,none,,
HAIFAL,szo_conex,6,query_limit,71670.0,2.0,True,none,,
HAIFAL,szo_conex,7,query_limit,71670.0,2.0,True,none,,
HAIFAL,szo_conex,8,query_limit,71670.0,2.0,True,none,,
HAIFAL,szo_conex,9,query_limit,71670.0,2.0,True,none,,
HAIFAL,szo_conex,10,query_limit,71670.0,2.0,True,none,,
CAMSHAPE,zob_sgda,1,completed,99981.0,,,none,,
CAMSHAPE,zob_sgda,2,completed,99981.0,,,none,,
CAMSHAPE,zob_sgda,3,completed,99981.0,,,none,,
CAMSHAPE,zob_sgda,4,completed,99981.0,,,none,,
CAMSHAPE,zob_sgda,5,completed,99981.0,,,none,,
CAMSHAPE,zob_sgda,6,completed,99981.0,,,none,,
CAMSHAPE,zob_sgda,7,completed,99981.0,,,none,,
CAMSHAPE,zob_sgda,8,completed,99981.0,,,none,,
CAMSHAPE,zob_sgda,9,completed,99981.0,,,none,,
CAMSHAPE,zob_sgda,10,completed,99981.0,,,none,,
CAMSHAPE,zob_gda,1,completed,99990.0,,,none,,
CAMSHAPE,zob_gda,2,completed,99990.0,,,none,,
CAMSHAPE,zob_gda,3,completed,99990.0,,,none,,
CAMSHAPE,zob_gda,4,completed,99990.0,,,none,,
CAMSHAPE,zob_gda,5,completed,99990.0,,,none,,
CAMSHAPE,zob_gda,6,completed,99990.0,,,none,,
CAMSHAPE,zob_gda,7,completed,99990.0,,,none,,
CAMSHAPE,zob_gda,8,completed,99990.0,,,none,,
CAMSHAPE,zob_gda,9,completed,99990.0,,,none,,
CAMSHAPE,zob_gda,10,completed,99990.0,,,none,,
CAMSHAPE,nomad_default,1,hard_timeout,,,,none,True,362436069 521288629 1588437975
CAMSHAPE,nomad_default,2,hard_timeout,,,,none,True,521288629 1588437975 2268752316
CAMSHAPE,nomad_default,3,hard_timeout,,,,none,True,1588437975 2268752316 3071397075
CAMSHAPE,nomad_default,4,hard_timeout,,,,none,True,2268752316 3071397075 1066942004
CAMSHAPE,nomad_default,5,hard_timeout,,,,none,True,3071397075 1066942004 2996772340
CAMSHAPE,nomad_default,6,hard_timeout,,,,none,True,1066942004 2996772340 86133791
CAMSHAPE,nomad_default,7,hard_timeout,,,,none,True,2996772340 86133791 3042881956
CAMSHAPE,nomad_default,8,hard_timeout,,,,none,True,86133791 3042881956 1313616534
CAMSHAPE,nomad_default,9,hard_timeout,,,,none,True,3042881956 1313616534 646932915
CAMSHAPE,nomad_default,10,hard_timeout,,,,none,True,1313616534 646932915 1705310046
CAMSHAPE,zoagp,1,query_limit,99325.0,124.0,,none,,
CAMSHAPE,zominmax,1,query_limit,99999.0,49999.0,,none,,
CAMSHAPE,zominmax,2,query_limit,99999.0,49999.0,,none,,
CAMSHAPE,zominmax,3,query_limit,99999.0,49999.0,,none,,
CAMSHAPE,zominmax,4,query_limit,99999.0,49999.0,,none,,
CAMSHAPE,zominmax,5,query_limit,99999.0,49999.0,,none,,
CAMSHAPE,zominmax,6,query_limit,99999.0,49999.0,,none,,
CAMSHAPE,zominmax,7,query_limit,99999.0,49999.0,,none,,
CAMSHAPE,zominmax,8,query_limit,99999.0,49999.0,,none,,
CAMSHAPE,zominmax,9,query_limit,99999.0,49999.0,,none,,
CAMSHAPE,zominmax,10,query_limit,99999.0,49999.0,,none,,
CAMSHAPE,szo_conex,1,query_limit,96212.0,15.0,True,none,,
CAMSHAPE,szo_conex,2,query_limit,96212.0,15.0,True,none,,
CAMSHAPE,szo_conex,3,query_limit,96212.0,15.0,True,none,,
CAMSHAPE,szo_conex,4,query_limit,96212.0,15.0,True,none,,
CAMSHAPE,szo_conex,5,query_limit,96212.0,15.0,True,none,,
CAMSHAPE,szo_conex,6,query_limit,96212.0,15.0,True,none,,
CAMSHAPE,szo_conex,7,query_limit,96212.0,15.0,True,none,,
CAMSHAPE,szo_conex,8,query_limit,96212.0,15.0,True,none,,
CAMSHAPE,szo_conex,9,query_limit,96212.0,15.0,True,none,,
CAMSHAPE,szo_conex,10,query_limit,96212.0,15.0,True,none,,
ROSEPETAL,zob_sgda,1,completed,99975.0,,,none,,
ROSEPETAL,zob_sgda,2,completed,99975.0,,,none,,
ROSEPETAL,zob_sgda,3,completed,99975.0,,,none,,
ROSEPETAL,zob_sgda,4,completed,99975.0,,,none,,
ROSEPETAL,zob_sgda,5,completed,99975.0,,,none,,
ROSEPETAL,zob_sgda,6,completed,99975.0,,,none,,
ROSEPETAL,zob_sgda,7,completed,99975.0,,,none,,
ROSEPETAL,zob_sgda,8,completed,99975.0,,,none,,
ROSEPETAL,zob_sgda,9,completed,99975.0,,,none,,
ROSEPETAL,zob_sgda,10,completed,99975.0,,,none,,
ROSEPETAL,zob_gda,1,completed,99990.0,,,none,,
ROSEPETAL,zob_gda,2,completed,99990.0,,,none,,
ROSEPETAL,zob_gda,3,completed,99990.0,,,none,,
ROSEPETAL,zob_gda,4,completed,99990.0,,,none,,
ROSEPETAL,zob_gda,5,completed,99990.0,,,none,,
ROSEPETAL,zob_gda,6,completed,99990.0,,,none,,
ROSEPETAL,zob_gda,7,completed,99990.0,,,none,,
ROSEPETAL,zob_gda,8,completed,99990.0,,,none,,
ROSEPETAL,zob_gda,9,completed,99990.0,,,none,,
ROSEPETAL,zob_gda,10,completed,99990.0,,,none,,
ROSEPETAL,nomad_default,1,hard_timeout,,,,none,True,362436069 521288629 1588437975
ROSEPETAL,nomad_default,2,nomad_done:-4,1501.0,,,none,True,521288629 1588437975 2268752316
ROSEPETAL,nomad_default,3,hard_timeout,,,,none,True,1588437975 2268752316 3071397075
ROSEPETAL,nomad_default,4,nomad_done:-4,1501.0,,,none,True,2268752316 3071397075 1066942004
ROSEPETAL,nomad_default,5,hard_timeout,,,,none,True,3071397075 1066942004 2996772340
ROSEPETAL,nomad_default,6,hard_timeout,,,,none,True,1066942004 2996772340 86133791
ROSEPETAL,nomad_default,7,hard_timeout,,,,none,True,2996772340 86133791 3042881956
ROSEPETAL,nomad_default,8,hard_timeout,,,,none,True,86133791 3042881956 1313616534
ROSEPETAL,nomad_default,9,hard_timeout,,,,none,True,3042881956 1313616534 646932915
ROSEPETAL,nomad_default,10,nomad_done:-4,1501.0,,,none,True,1313616534 646932915 1705310046
ROSEPETAL,zoagp,1,query_limit,99100.0,99.0,,none,,
ROSEPETAL,zominmax,1,query_limit,99999.0,49999.0,,none,,
ROSEPETAL,zominmax,2,query_limit,99999.0,49999.0,,none,,
ROSEPETAL,zominmax,3,query_limit,99999.0,49999.0,,none,,
ROSEPETAL,zominmax,4,query_limit,99999.0,49999.0,,none,,
ROSEPETAL,zominmax,5,query_limit,99999.0,49999.0,,none,,
ROSEPETAL,zominmax,6,query_limit,99999.0,49999.0,,none,,
ROSEPETAL,zominmax,7,query_limit,99999.0,49999.0,,none,,
ROSEPETAL,zominmax,8,query_limit,99999.0,49999.0,,none,,
ROSEPETAL,zominmax,9,query_limit,99999.0,49999.0,,none,,
ROSEPETAL,zominmax,10,query_limit,99999.0,49999.0,,none,,
ROSEPETAL,szo_conex,1,query_limit,96026.0,12.0,True,none,,
ROSEPETAL,szo_conex,2,query_limit,96026.0,12.0,True,none,,
ROSEPETAL,szo_conex,3,query_limit,96026.0,12.0,True,none,,
ROSEPETAL,szo_conex,4,query_limit,96026.0,12.0,True,none,,
ROSEPETAL,szo_conex,5,query_limit,96026.0,12.0,True,none,,
ROSEPETAL,szo_conex,6,query_limit,96026.0,12.0,True,none,,
ROSEPETAL,szo_conex,7,query_limit,96026.0,12.0,True,none,,
ROSEPETAL,szo_conex,8,query_limit,96026.0,12.0,True,none,,
ROSEPETAL,szo_conex,9,query_limit,96026.0,12.0,True,none,,
ROSEPETAL,szo_conex,10,query_limit,96026.0,12.0,True,none,,
