solver,metric,n_seeds,mean,sample_sd,standard_error,ci_low,ci_high,ci_halfwidth
zob_sgda,feasible_count,10,22.5,0.5270462766947299,0.16666666666666666,22.122973806190984,22.877026193809016,0.3770261938090165
zob_sgda,feasible_fraction,10,0.75,0.01756820922315772,0.005555555555555573,0.7374324602063661,0.7625675397936339,0.012567539793633922
zob_sgda,solved_1e_1,10,16.9,0.5676462121975466,0.1795054935711501,16.49393036194636,17.306069638053636,0.40606963805363755
zob_sgda,solved_1e_2,10,12.6,0.5163977794943222,0.1632993161855452,12.230591282201692,12.969408717798308,0.3694087177983073
zob_sgda,solved_1e_3,10,12.3,0.674948557710553,0.21343747458109497,11.817170888054887,12.782829111945114,0.48282911194511363
zob_gda,feasible_count,10,22.3,0.4830458915396479,0.15275252316519464,21.95444978557782,22.645550214422183,0.3455502144221817
zob_gda,feasible_fraction,10,0.7433333333333334,0.016101529717988314,0.005091750772173171,0.731814992852594,0.7548516738140728,0.011518340480739428
zob_gda,solved_1e_1,10,18.4,0.5163977794943222,0.1632993161855452,18.03059128220169,18.769408717798306,0.3694087177983073
zob_gda,solved_1e_2,10,14.2,0.6324555320336759,0.19999999999999998,13.74756856742918,14.652431432570818,0.45243143257081975
zob_gda,solved_1e_3,10,9.7,0.9486832980505138,0.3,9.021352851143769,10.37864714885623,0.6786471488562297
nomad_default,feasible_count,10,25.5,1.0801234497346435,0.34156502553198664,24.72732623091237,26.27267376908763,0.7726737690876267
nomad_default,feasible_fraction,10,0.85,0.036004114991154766,0.011385500851066216,0.8242442076970791,0.8757557923029209,0.02575579230292088
nomad_default,solved_1e_1,10,13.9,0.7378647873726218,0.2333333333333333,13.372163328667376,14.427836671332624,0.527836671332623
nomad_default,solved_1e_2,10,8.7,1.0593499054713802,0.334995854037363,7.942186729262953,9.457813270737047,0.7578132707370469
nomad_default,solved_1e_3,10,4.5,1.35400640077266,0.4281744192888376,3.5314021704548617,5.468597829545138,0.9685978295451382
zoagp,feasible_count,1,18.0,,,,,
zoagp,feasible_fraction,1,0.6,,,,,
zoagp,solved_1e_1,1,11.0,,,,,
zoagp,solved_1e_2,1,7.0,,,,,
zoagp,solved_1e_3,1,5.0,,,,,
zominmax,feasible_count,10,18.2,0.7888106377466155,0.24944382578492943,17.63571886277089,18.76428113722911,0.5642811372291081
zominmax,feasible_fraction,10,0.6066666666666667,0.026293687924887177,0.008314794192830979,0.5878572954256964,0.625476037907637,0.018809371240970263
zominmax,solved_1e_1,10,12.9,1.1005049346146119,0.348010216963685,12.11274619494919,13.68725380505081,0.787253805050809
zominmax,solved_1e_2,10,10.0,0.816496580927726,0.2581988897471611,9.415913532117484,10.584086467882516,0.5840864678825162
zominmax,solved_1e_3,10,8.4,0.8432740427115678,0.26666666666666666,7.796758089905574,9.003241910094427,0.6032419100944264
szo_conex,feasible_count,10,16.3,0.4830458915396479,0.15275252316519464,15.954449785577818,16.645550214422183,0.3455502144221817
szo_conex,feasible_fraction,10,0.5433333333333333,0.016101529717988262,0.005091750772173154,0.5318149928525939,0.5548516738140727,0.01151834048073939
szo_conex,solved_1e_1,10,7.2,0.6324555320336759,0.19999999999999998,6.74756856742918,7.65243143257082,0.45243143257081975
szo_conex,solved_1e_2,10,4.6,0.5163977794943222,0.1632993161855452,4.230591282201693,4.969408717798307,0.3694087177983073
szo_conex,solved_1e_3,10,2.1,0.31622776601683794,0.09999999999999999,1.8737842837145902,2.32621571628541,0.22621571628540987
